Year,Month,DAY,TIME,STATE,YEAR,MONTH,EVENT_TYPE,SOURCE,TOR_F_SCALE,TOR_LENGTH,TOR_WIDTH
2014,10,14,1900-01-01 07:11:00,SOUTH CAROLINA,2014,October,Tornado,NWS Storm Survey,EF0,0.89,100.0
2014,10,14,1900-01-01 19:00:00,SOUTH CAROLINA,2014,October,Tornado,NWS Storm Survey,EF0,1.0,50.0
2014,5,16,1900-01-01 02:31:00,VIRGINIA,2014,May,Tornado,NWS Storm Survey,EF0,0.4,75.0
2014,9,4,1900-01-01 02:26:00,NORTH DAKOTA,2014,September,Tornado,Public,EF0,1.05,30.0
2014,9,8,1900-01-01 15:45:00,NORTH CAROLINA,2014,September,Tornado,NWS Storm Survey,EF2,0.15,100.0
2014,9,9,1900-01-01 18:35:00,MISSOURI,2014,September,Tornado,NWS Employee,EF0,0.08,25.0
2014,8,31,1900-01-01 19:10:00,MASSACHUSETTS,2014,August,Tornado,NWS Storm Survey,EF0,2.06,176.0
2014,7,31,1900-01-01 16:10:00,MONTANA,2014,July,Tornado,Public,EF0,0.1,5.0
2014,9,9,1900-01-01 18:40:00,MISSOURI,2014,September,Tornado,Emergency Manager,EF0,0.11,25.0
2014,9,7,1900-01-01 13:27:00,SOUTH CAROLINA,2014,September,Tornado,NWS Storm Survey,EF0,0.43,30.0
2014,10,13,1900-01-01 04:43:00,ARKANSAS,2014,October,Tornado,NWS Storm Survey,EF0,0.09,50.0
2014,10,13,1900-01-01 15:43:00,ALABAMA,2014,October,Tornado,NWS Storm Survey,EF0,6.01,50.0
2014,9,9,1900-01-01 21:22:00,MISSOURI,2014,September,Tornado,Emergency Manager,EF0,0.75,25.0
2014,9,1,1900-01-01 18:41:00,OKLAHOMA,2014,September,Tornado,Emergency Manager,EF0,0.2,50.0
2014,10,13,1900-01-01 17:48:00,ALABAMA,2014,October,Tornado,NWS Storm Survey,EF0,1.08,150.0
2014,6,29,1900-01-01 05:05:00,KANSAS,2014,June,Tornado,Emergency Manager,EF1,1.0,50.0
2014,9,10,1900-01-01 16:22:00,OHIO,2014,September,Tornado,NWS Storm Survey,EF0,0.47,50.0
2014,9,10,1900-01-01 16:29:00,OHIO,2014,September,Tornado,NWS Storm Survey,EF0,0.96,50.0
2014,9,10,1900-01-01 01:40:00,MISSOURI,2014,September,Tornado,Emergency Manager,EF1,18.27,20.0
2014,6,18,1900-01-01 17:05:00,SOUTH DAKOTA,2014,June,Tornado,NWS Storm Survey,EF1,0.73,40.0
2014,6,18,1900-01-01 17:07:00,SOUTH DAKOTA,2014,June,Tornado,NWS Storm Survey,EF0,2.0,400.0
2014,9,20,1900-01-01 16:00:00,NEVADA,2014,September,Tornado,Trained Spotter,EF0,0.4,20.0
2014,9,4,1900-01-01 03:17:00,NORTH DAKOTA,2014,September,Tornado,Public,EF1,11.64,250.0
2014,9,10,1900-01-01 16:34:00,OHIO,2014,September,Tornado,NWS Storm Survey,EF0,0.1,20.0
2014,7,27,1900-01-01 16:59:00,TENNESSEE,2014,July,Tornado,NWS Storm Survey,EF3,1.81,800.0
2014,4,29,1900-01-01 13:25:00,NORTH CAROLINA,2014,April,Tornado,Trained Spotter,EF0,0.04,25.0
2014,4,29,1900-01-01 18:49:00,NORTH CAROLINA,2014,April,Tornado,State Official,EF0,0.02,25.0
2014,10,13,1900-01-01 17:09:00,TENNESSEE,2014,October,Tornado,NWS Storm Survey,EF1,4.18,75.0
2014,4,27,1900-01-01 16:30:00,WASHINGTON,2014,April,Tornado,NWS Storm Survey,EF0,0.2,25.0
2014,9,10,1900-01-01 16:54:00,OHIO,2014,September,Tornado,NWS Storm Survey,EF0,0.76,50.0
2014,10,13,1900-01-01 05:58:00,MISSOURI,2014,October,Tornado,NWS Storm Survey,EF0,0.07,50.0
2014,10,3,1900-01-01 03:02:00,ALABAMA,2014,October,Tornado,NWS Storm Survey,EF0,0.48,75.0
2014,10,3,1900-01-01 02:12:00,ALABAMA,2014,October,Tornado,NWS Storm Survey,EF0,0.7,250.0
2014,10,13,1900-01-01 08:00:00,LOUISIANA,2014,October,Tornado,NWS Storm Survey,EF1,0.9,200.0
2014,8,20,1900-01-01 12:45:00,IDAHO,2014,August,Tornado,Social Media,EF0,0.1,5.0
2014,10,13,1900-01-01 05:25:00,MISSOURI,2014,October,Tornado,NWS Storm Survey,EF1,0.09,75.0
2014,10,13,1900-01-01 06:20:00,MISSOURI,2014,October,Tornado,NWS Storm Survey,EF0,0.43,100.0
2014,8,28,1900-01-01 17:30:00,KANSAS,2014,August,Tornado,Public,EF1,2.0,220.0
2014,9,2,1900-01-01 13:09:00,LOUISIANA,2014,September,Tornado,NWS Storm Survey,EF1,3.6,350.0
2014,6,27,1900-01-01 15:40:00,KANSAS,2014,June,Tornado,Law Enforcement,EF0,1.0,25.0
2014,6,27,1900-01-01 16:44:00,KANSAS,2014,June,Tornado,NWS Employee,EF0,2.0,25.0
2014,10,10,1900-01-01 19:35:00,TENNESSEE,2014,October,Tornado,NWS Storm Survey,EF1,1.97,100.0
2014,10,13,1900-01-01 10:11:00,LOUISIANA,2014,October,Tornado,NWS Storm Survey,EF1,0.7,225.0
2014,10,13,1900-01-01 03:52:00,TEXAS,2014,October,Tornado,NWS Storm Survey,EF1,5.8,275.0
2014,12,23,1900-01-01 14:20:00,MISSISSIPPI,2014,December,Tornado,NWS Storm Survey,EF3,12.51,880.0
2014,6,12,1900-01-01 21:30:00,MISSISSIPPI,2014,June,Tornado,NWS Storm Survey,EF1,1.29,200.0
2014,6,3,1900-01-01 21:30:00,KANSAS,2014,June,Tornado,NWS Storm Survey,EF3,6.33,500.0
2014,12,23,1900-01-01 15:22:00,MISSISSIPPI,2014,December,Tornado,NWS Storm Survey,EF2,5.89,350.0
2014,1,11,1900-01-01 07:37:00,GEORGIA,2014,January,Tornado,NWS Storm Survey,EF0,2.9,10.0
2014,2,20,1900-01-01 21:53:00,TENNESSEE,2014,February,Tornado,NWS Storm Survey,EF1,1.64,400.0
2014,2,20,1900-01-01 22:08:00,TENNESSEE,2014,February,Tornado,NWS Storm Survey,EF1,1.05,100.0
2014,2,21,1900-01-01 08:29:00,GEORGIA,2014,February,Tornado,NWS Storm Survey,EF0,2.22,300.0
2014,2,20,1900-01-01 20:51:00,ALABAMA,2014,February,Tornado,NWS Storm Survey,EF1,1.82,400.0
2014,12,23,1900-01-01 13:19:00,LOUISIANA,2014,December,Tornado,NWS Storm Survey,EF2,4.62,150.0
2014,12,23,1900-01-01 14:45:00,MISSISSIPPI,2014,December,Tornado,NWS Storm Survey,EF0,0.06,50.0
2014,12,23,1900-01-01 14:46:00,MISSISSIPPI,2014,December,Tornado,NWS Storm Survey,EF0,0.24,50.0
2014,12,23,1900-01-01 16:27:00,MISSISSIPPI,2014,December,Tornado,NWS Storm Survey,EF0,0.49,100.0
2014,12,15,1900-01-01 17:02:00,MISSISSIPPI,2014,December,Tornado,NWS Storm Survey,EF0,1.53,50.0
2014,12,15,1900-01-01 17:56:00,MISSISSIPPI,2014,December,Tornado,NWS Storm Survey,EF0,1.17,75.0
2014,12,24,1900-01-01 10:30:00,NORTH CAROLINA,2014,December,Tornado,NWS Storm Survey,EF1,0.2,25.0
2014,6,8,1900-01-01 09:55:00,COLORADO,2014,June,Tornado,Law Enforcement,EF1,0.25,100.0
2014,12,29,1900-01-01 11:26:00,GEORGIA,2014,December,Tornado,NWS Storm Survey,EF2,0.74,180.0
2014,12,23,1900-01-01 13:58:00,GEORGIA,2014,December,Tornado,Fire Department/Rescue,EF0,0.1,25.0
2014,11,17,1900-01-01 02:00:00,ALABAMA,2014,November,Tornado,NWS Storm Survey,EF1,10.33,150.0
2014,11,17,1900-01-01 03:59:00,ALABAMA,2014,November,Tornado,NWS Storm Survey,EF1,5.89,150.0
2014,11,23,1900-01-01 16:40:00,GEORGIA,2014,November,Tornado,NWS Storm Survey,EF1,20.02,70.0
2014,11,23,1900-01-01 16:40:00,GEORGIA,2014,November,Tornado,NWS Storm Survey,EF0,1.44,70.0
2014,11,23,1900-01-01 17:14:00,GEORGIA,2014,November,Tornado,NWS Storm Survey,EF0,2.7,50.0
2014,2,20,1900-01-01 22:23:00,TENNESSEE,2014,February,Tornado,NWS Storm Survey,EF1,1.98,400.0
2014,2,20,1900-01-01 20:52:00,ALABAMA,2014,February,Tornado,NWS Storm Survey,EF1,5.06,450.0
2014,6,8,1900-01-01 11:54:00,COLORADO,2014,June,Tornado,Trained Spotter,EF0,0.1,50.0
2014,11,17,1900-01-01 01:37:00,ALABAMA,2014,November,Tornado,NWS Storm Survey,EF1,11.57,150.0
2014,11,17,1900-01-01 04:25:00,ALABAMA,2014,November,Tornado,NWS Storm Survey,EF1,16.21,150.0
2014,6,8,1900-01-01 11:58:00,COLORADO,2014,June,Tornado,Amateur Radio,EF1,0.25,100.0
2014,2,21,1900-01-01 00:54:00,OHIO,2014,February,Tornado,NWS Storm Survey,EF0,0.13,80.0
2014,2,20,1900-01-01 22:53:00,OHIO,2014,February,Tornado,NWS Storm Survey,EF0,2.03,80.0
2014,6,8,1900-01-01 12:17:00,COLORADO,2014,June,Tornado,Storm Chaser,EF0,0.1,50.0
2014,6,8,1900-01-01 12:12:00,COLORADO,2014,June,Tornado,Storm Chaser,EF0,0.1,50.0
2014,2,20,1900-01-01 21:05:00,ALABAMA,2014,February,Tornado,NWS Storm Survey,EF1,2.73,500.0
2014,10,13,1900-01-01 12:24:00,ILLINOIS,2014,October,Tornado,NWS Storm Survey,EF1,1.38,100.0
2014,5,7,1900-01-01 15:22:00,COLORADO,2014,May,Tornado,Trained Spotter,EF0,5.46,100.0
2014,6,8,1900-01-01 12:43:00,COLORADO,2014,June,Tornado,Storm Chaser,EF0,0.1,50.0
2014,9,29,1900-01-01 12:29:00,COLORADO,2014,September,Tornado,Public,EF0,0.19,25.0
2014,5,7,1900-01-01 15:05:00,COLORADO,2014,May,Tornado,Trained Spotter,EF0,0.1,50.0
2014,5,7,1900-01-01 16:25:00,COLORADO,2014,May,Tornado,Storm Chaser,EF0,0.1,50.0
2014,5,7,1900-01-01 14:15:00,COLORADO,2014,May,Tornado,Trained Spotter,EF0,2.62,100.0
2014,6,8,1900-01-01 10:06:00,COLORADO,2014,June,Tornado,Trained Spotter,EF0,0.1,50.0
2014,10,14,1900-01-01 03:40:00,GEORGIA,2014,October,Tornado,NWS Storm Survey,EF1,1.42,200.0
2014,6,8,1900-01-01 12:43:00,COLORADO,2014,June,Tornado,Trained Spotter,EF0,0.1,50.0
2014,12,24,1900-01-01 17:16:00,OHIO,2014,December,Tornado,Emergency Manager,EF0,0.63,30.0
2014,10,14,1900-01-01 04:48:00,GEORGIA,2014,October,Tornado,NWS Storm Survey,EF0,0.42,100.0
2014,11,17,1900-01-01 02:51:00,FLORIDA,2014,November,Tornado,NWS Employee,EF0,0.01,50.0
2014,12,27,1900-01-01 13:12:00,TEXAS,2014,December,Tornado,911 Call Center,EF0,0.23,75.0
2014,6,22,1900-01-01 20:50:00,TEXAS,2014,June,Tornado,NWS Storm Survey,EF1,1.0,100.0
2014,11,16,1900-01-01 19:48:00,LOUISIANA,2014,November,Tornado,NWS Storm Survey,EF0,1.12,100.0
2014,11,16,1900-01-01 20:11:00,LOUISIANA,2014,November,Tornado,NWS Storm Survey,EF1,3.87,300.0
2014,11,23,1900-01-01 16:49:00,GEORGIA,2014,November,Tornado,NWS Storm Survey,EF1,4.44,100.0
2014,11,23,1900-01-01 16:55:00,GEORGIA,2014,November,Tornado,NWS Storm Survey,EF0,16.58,75.0
2014,11,23,1900-01-01 17:10:00,GEORGIA,2014,November,Tornado,NWS Storm Survey,EF1,3.7,50.0
2014,11,23,1900-01-01 17:12:00,GEORGIA,2014,November,Tornado,NWS Storm Survey,EF0,0.53,50.0
2014,11,17,1900-01-01 01:11:00,ALABAMA,2014,November,Tornado,NWS Storm Survey,EF1,3.53,300.0
2014,11,17,1900-01-01 04:17:00,FLORIDA,2014,November,Tornado,NWS Storm Survey,EF2,5.74,420.0
2014,11,23,1900-01-01 15:07:00,GEORGIA,2014,November,Tornado,NWS Storm Survey,EF1,13.49,75.0
2014,11,23,1900-01-01 15:27:00,GEORGIA,2014,November,Tornado,NWS Storm Survey,EF1,0.47,100.0
2014,11,17,1900-01-01 04:45:00,ALABAMA,2014,November,Tornado,NWS Storm Survey,EF1,19.67,500.0
2014,11,17,1900-01-01 06:24:00,ALABAMA,2014,November,Tornado,NWS Storm Survey,EF1,0.22,100.0
2014,11,17,1900-01-01 05:38:00,FLORIDA,2014,November,Tornado,NWS Storm Survey,EF1,7.14,420.0
2014,11,23,1900-01-01 15:37:00,GEORGIA,2014,November,Tornado,NWS Storm Survey,EF1,18.14,75.0
2014,11,23,1900-01-01 15:50:00,GEORGIA,2014,November,Tornado,NWS Storm Survey,EF1,0.54,70.0
2014,11,23,1900-01-01 15:52:00,GEORGIA,2014,November,Tornado,NWS Storm Survey,EF1,2.4,70.0
2014,11,23,1900-01-01 16:01:00,GEORGIA,2014,November,Tornado,NWS Storm Survey,EF0,3.16,50.0
2014,11,17,1900-01-01 05:11:00,ALABAMA,2014,November,Tornado,NWS Storm Survey,EF0,4.85,250.0
2014,11,23,1900-01-01 11:35:00,ALABAMA,2014,November,Tornado,NWS Storm Survey,EF0,2.05,150.0
2014,11,23,1900-01-01 14:03:00,ALABAMA,2014,November,Tornado,NWS Storm Survey,EF1,3.23,400.0
2014,11,17,1900-01-01 09:57:00,GEORGIA,2014,November,Tornado,NWS Storm Survey,EF1,0.05,100.0
2014,2,20,1900-01-01 20:45:00,ALABAMA,2014,February,Tornado,NWS Storm Survey,EF1,5.66,450.0
2014,12,14,1900-01-01 17:09:00,OKLAHOMA,2014,December,Tornado,Broadcast Media,EF0,0.17,50.0
2014,11,23,1900-01-01 16:20:00,GEORGIA,2014,November,Tornado,NWS Storm Survey,EF0,8.51,200.0
2014,11,23,1900-01-01 16:33:00,GEORGIA,2014,November,Tornado,NWS Storm Survey,EF0,2.47,80.0
2014,2,21,1900-01-01 00:28:00,ALABAMA,2014,February,Tornado,NWS Storm Survey,EF2,0.83,50.0
2014,6,8,1900-01-01 13:23:00,NEW MEXICO,2014,June,Tornado,NWS Storm Survey,EF1,1.75,160.0
2014,6,7,1900-01-01 13:35:00,MISSOURI,2014,June,Tornado,Fire Department/Rescue,EF0,0.05,20.0
2014,6,7,1900-01-01 15:14:00,MISSOURI,2014,June,Tornado,NWS Storm Survey,EF0,4.22,40.0
2014,12,24,1900-01-01 12:50:00,GEORGIA,2014,December,Tornado,NWS Storm Survey,EF1,5.69,100.0
2014,12,14,1900-01-01 17:38:00,KANSAS,2014,December,Tornado,Public,EF0,5.98,100.0
2014,6,7,1900-01-01 16:19:00,ILLINOIS,2014,June,Tornado,NWS Storm Survey,EF0,0.34,40.0
2014,4,28,1900-01-01 20:53:00,MISSISSIPPI,2014,April,Tornado,NWS Storm Survey,EF1,1.75,200.0
2014,4,28,1900-01-01 21:09:00,MISSISSIPPI,2014,April,Tornado,NWS Storm Survey,EF2,9.2,250.0
2014,12,27,1900-01-01 14:00:00,TEXAS,2014,December,Tornado,NWS Storm Survey,EF1,4.25,50.0
2014,12,27,1900-01-01 14:35:00,TEXAS,2014,December,Tornado,NWS Storm Survey,EF1,1.98,150.0
2014,6,7,1900-01-01 16:43:00,ILLINOIS,2014,June,Tornado,NWS Employee,EF0,0.3,30.0
2014,6,4,1900-01-01 04:25:00,ILLINOIS,2014,June,Tornado,NWS Storm Survey,EF0,1.44,30.0
2014,11,17,1900-01-01 05:57:00,FLORIDA,2014,November,Tornado,Emergency Manager,EF0,0.5,50.0
2014,9,1,1900-01-01 21:43:00,MISSOURI,2014,September,Tornado,NWS Storm Survey,EF1,6.4,60.0
2014,11,17,1900-01-01 05:24:00,FLORIDA,2014,November,Tornado,NWS Storm Survey,EF0,9.33,420.0
2014,12,15,1900-01-01 23:18:00,MISSISSIPPI,2014,December,Tornado,NWS Storm Survey,EF0,1.33,150.0
2014,10,13,1900-01-01 12:43:00,ILLINOIS,2014,October,Tornado,NWS Storm Survey,EF1,0.25,50.0
2014,10,13,1900-01-01 11:59:00,ILLINOIS,2014,October,Tornado,NWS Storm Survey,EF0,0.29,50.0
2014,10,13,1900-01-01 15:10:00,ILLINOIS,2014,October,Tornado,NWS Storm Survey,EF1,1.05,75.0
2014,4,13,1900-01-01 14:46:00,TEXAS,2014,April,Tornado,NWS Storm Survey,EF0,0.28,25.0
2014,3,29,1900-01-01 19:57:00,NORTH CAROLINA,2014,March,Tornado,NWS Storm Survey,EF0,0.18,145.0
2014,3,29,1900-01-01 20:08:00,NORTH CAROLINA,2014,March,Tornado,NWS Storm Survey,EF0,0.12,75.0
2014,3,6,1900-01-01 14:30:00,FLORIDA,2014,March,Tornado,County Official,EF0,0.25,50.0
2014,3,27,1900-01-01 15:03:00,MISSOURI,2014,March,Tornado,NWS Storm Survey,EF1,9.25,200.0
2014,3,27,1900-01-01 15:22:00,MISSOURI,2014,March,Tornado,NWS Storm Survey,EF2,2.98,100.0
2014,3,27,1900-01-01 15:55:00,MISSOURI,2014,March,Tornado,NWS Storm Survey,EF0,12.84,500.0
2014,12,12,1900-01-01 09:20:00,CALIFORNIA,2014,December,Tornado,Broadcast Media,EF0,0.73,10.0
2014,5,18,1900-01-01 18:20:00,NEBRASKA,2014,May,Tornado,Law Enforcement,EF0,6.18,30.0
2014,5,14,1900-01-01 16:44:00,OHIO,2014,May,Tornado,NWS Storm Survey,EF3,8.93,400.0
2014,5,15,1900-01-01 17:10:00,NORTH CAROLINA,2014,May,Tornado,NWS Storm Survey,EF1,0.76,150.0
2014,4,27,1900-01-01 16:48:00,KANSAS,2014,April,Tornado,NWS Storm Survey,EF2,8.5,400.0
2014,2,21,1900-01-01 12:12:00,VIRGINIA,2014,February,Tornado,NWS Storm Survey,EF0,0.84,25.0
2014,4,27,1900-01-01 11:51:00,MISSOURI,2014,April,Tornado,Broadcast Media,EF0,2.38,50.0
2014,5,18,1900-01-01 17:35:00,NEBRASKA,2014,May,Tornado,Trained Spotter,EF0,2.07,30.0
2014,4,4,1900-01-01 06:23:00,LOUISIANA,2014,April,Tornado,NWS Storm Survey,EF1,1.84,100.0
2014,4,4,1900-01-01 07:11:00,LOUISIANA,2014,April,Tornado,NWS Storm Survey,EF0,0.81,50.0
2014,5,10,1900-01-01 16:15:00,MISSOURI,2014,May,Tornado,NWS Storm Survey,EF2,1.21,500.0
2014,2,21,1900-01-01 13:26:00,NORTH CAROLINA,2014,February,Tornado,NWS Storm Survey,EF1,0.83,175.0
2014,4,20,1900-01-01 16:10:00,KANSAS,2014,April,Tornado,Law Enforcement,EF0,0.1,10.0
2014,2,20,1900-01-01 20:33:00,LOUISIANA,2014,February,Tornado,NWS Storm Survey,EF1,2.65,75.0
2014,5,15,1900-01-01 08:15:00,FLORIDA,2014,May,Tornado,NWS Storm Survey,EF1,0.4,50.0
2014,3,6,1900-01-01 12:00:00,FLORIDA,2014,March,Tornado,Social Media,EF0,0.05,10.0
2014,3,6,1900-01-01 12:38:00,FLORIDA,2014,March,Tornado,Broadcast Media,EF0,1.38,15.0
2014,6,19,1900-01-01 12:30:00,IOWA,2014,June,Tornado,Broadcast Media,EF0,0.15,50.0
2014,4,28,1900-01-01 12:57:00,MISSISSIPPI,2014,April,Tornado,Storm Chaser,EF0,0.24,50.0
2014,6,9,1900-01-01 21:17:00,SOUTH CAROLINA,2014,June,Tornado,NWS Storm Survey,EF0,1.87,75.0
2014,4,28,1900-01-01 17:19:00,MISSISSIPPI,2014,April,Tornado,NWS Storm Survey,EF1,1.95,100.0
2014,4,28,1900-01-01 16:26:00,MISSISSIPPI,2014,April,Tornado,NWS Storm Survey,EF1,2.04,100.0
2014,7,6,1900-01-01 23:34:00,MICHIGAN,2014,July,Tornado,NWS Storm Survey,EF0,0.75,150.0
2014,7,7,1900-01-01 00:00:00,MICHIGAN,2014,July,Tornado,NWS Storm Survey,EF0,1.6,80.0
2014,5,22,1900-01-01 14:33:00,NEW YORK,2014,May,Tornado,NWS Storm Survey,EF3,6.28,440.0
2014,6,24,1900-01-01 12:15:00,INDIANA,2014,June,Tornado,NWS Storm Survey,EF0,0.5,75.0
2014,6,5,1900-01-01 13:14:00,SOUTH DAKOTA,2014,June,Tornado,Public,EF0,0.17,50.0
2014,6,1,1900-01-01 17:21:00,NORTH DAKOTA,2014,June,Tornado,Public,EF0,0.1,25.0
2014,6,11,1900-01-01 12:14:00,NORTH DAKOTA,2014,June,Tornado,Public,EF0,0.4,30.0
2014,6,21,1900-01-01 19:35:00,MINNESOTA,2014,June,Tornado,NWS Storm Survey,EF1,2.0,300.0
2014,6,20,1900-01-01 16:10:00,MINNESOTA,2014,June,Tornado,Public,EF0,0.3,20.0
2014,4,28,1900-01-01 18:36:00,MISSISSIPPI,2014,April,Tornado,NWS Storm Survey,EF3,4.27,150.0
2014,6,5,1900-01-01 14:40:00,SOUTH DAKOTA,2014,June,Tornado,Trained Spotter,EF0,0.4,50.0
2014,5,22,1900-01-01 14:54:00,NEW YORK,2014,May,Tornado,NWS Storm Survey,EF1,0.51,440.0
2014,6,6,1900-01-01 17:47:00,KANSAS,2014,June,Tornado,Law Enforcement,EF0,0.51,25.0
2014,6,6,1900-01-01 17:58:00,KANSAS,2014,June,Tornado,Trained Spotter,EF0,0.6,25.0
2014,6,6,1900-01-01 17:59:00,KANSAS,2014,June,Tornado,County Official,EF0,0.34,25.0
2014,6,24,1900-01-01 13:38:00,INDIANA,2014,June,Tornado,NWS Storm Survey,EF1,1.28,75.0
2014,6,24,1900-01-01 12:30:00,INDIANA,2014,June,Tornado,NWS Storm Survey,EF1,0.25,75.0
2014,6,27,1900-01-01 12:46:00,LOUISIANA,2014,June,Tornado,NWS Storm Survey,EF0,4.62,300.0
2014,5,10,1900-01-01 10:47:00,IDAHO,2014,May,Tornado,Trained Spotter,EF0,0.02,15.0
2014,5,21,1900-01-01 17:40:00,IDAHO,2014,May,Tornado,Official NWS Observations,EF0,3.0,20.0
2014,4,28,1900-01-01 18:14:00,MISSISSIPPI,2014,April,Tornado,NWS Storm Survey,EF1,0.15,300.0
2014,6,5,1900-01-01 16:05:00,MINNESOTA,2014,June,Tornado,Public,EF0,0.25,50.0
2014,6,5,1900-01-01 17:49:00,MINNESOTA,2014,June,Tornado,Storm Chaser,EF0,0.28,50.0
2014,6,11,1900-01-01 17:15:00,MINNESOTA,2014,June,Tornado,NWS Storm Survey,EF1,1.0,10.0
2014,7,28,1900-01-01 14:49:00,MAINE,2014,July,Tornado,NWS Storm Survey,EF1,1.71,80.0
2014,6,13,1900-01-01 15:45:00,MONTANA,2014,June,Tornado,Public,EF0,0.25,10.0
2014,5,26,1900-01-01 17:26:00,TEXAS,2014,May,Tornado,Storm Chaser,EF0,0.67,200.0
2014,5,26,1900-01-01 17:42:00,TEXAS,2014,May,Tornado,Storm Chaser,EF0,0.79,300.0
2014,5,26,1900-01-01 14:38:00,TEXAS,2014,May,Tornado,Trained Spotter,EF0,0.6,200.0
2014,4,28,1900-01-01 18:54:00,MISSISSIPPI,2014,April,Tornado,NWS Storm Survey,EF1,9.57,150.0
2014,4,28,1900-01-01 19:12:00,MISSISSIPPI,2014,April,Tornado,NWS Storm Survey,EF2,5.59,400.0
2014,6,18,1900-01-01 06:27:00,WISCONSIN,2014,June,Tornado,Public,EF0,0.16,30.0
2014,5,12,1900-01-01 18:45:00,OHIO,2014,May,Tornado,NWS Storm Survey,EF0,1.08,100.0
2014,6,17,1900-01-01 21:03:00,NEW YORK,2014,June,Tornado,NWS Storm Survey,EF1,11.0,250.0
2014,6,17,1900-01-01 21:44:00,SOUTH DAKOTA,2014,June,Tornado,NWS Storm Survey,EF2,3.37,400.0
2014,6,17,1900-01-01 22:27:00,IOWA,2014,June,Tornado,Trained Spotter,EF0,0.3,50.0
2014,6,17,1900-01-01 21:45:00,NEBRASKA,2014,June,Tornado,NWS Storm Survey,EF1,2.5,100.0
2014,5,12,1900-01-01 19:15:00,OHIO,2014,May,Tornado,NWS Storm Survey,EF0,0.21,40.0
2014,6,15,1900-01-01 03:17:00,MISSOURI,2014,June,Tornado,Trained Spotter,EF0,2.9,25.0
2014,6,8,1900-01-01 18:05:00,NEW MEXICO,2014,June,Tornado,Public,EF0,0.22,200.0
2014,4,28,1900-01-01 13:51:00,MISSISSIPPI,2014,April,Tornado,NWS Storm Survey,EF1,3.41,100.0
2014,6,21,1900-01-01 16:43:00,KANSAS,2014,June,Tornado,Public,EF0,0.49,25.0
2014,6,28,1900-01-01 13:25:00,TEXAS,2014,June,Tornado,NWS Storm Survey,EF0,0.73,10.0
2014,6,18,1900-01-01 19:49:00,PENNSYLVANIA,2014,June,Tornado,NWS Storm Survey,EF0,4.57,150.0
2014,5,11,1900-01-01 19:50:00,IOWA,2014,May,Tornado,NWS Storm Survey,EF0,0.86,50.0
2014,5,11,1900-01-01 19:59:00,IOWA,2014,May,Tornado,Emergency Manager,EF0,0.49,50.0
2014,5,11,1900-01-01 18:32:00,SOUTH DAKOTA,2014,May,Tornado,NWS Storm Survey,EF0,2.4,50.0
2014,8,21,1900-01-01 15:27:00,PENNSYLVANIA,2014,August,Tornado,NWS Storm Survey,EF0,5.36,50.0
2014,7,16,1900-01-01 19:23:00,TEXAS,2014,July,Tornado,Trained Spotter,EF0,3.07,100.0
2014,4,28,1900-01-01 16:39:00,MISSISSIPPI,2014,April,Tornado,NWS Storm Survey,EF1,0.64,100.0
2014,4,28,1900-01-01 17:38:00,MISSISSIPPI,2014,April,Tornado,NWS Storm Survey,EF2,8.06,300.0
2014,7,13,1900-01-01 18:37:00,WEST VIRGINIA,2014,July,Tornado,NWS Storm Survey,EF0,0.07,50.0
2014,6,25,1900-01-01 15:14:00,TEXAS,2014,June,Tornado,NWS Storm Survey,EF0,0.37,50.0
2014,6,5,1900-01-01 18:21:00,GEORGIA,2014,June,Tornado,NWS Storm Survey,EF0,0.77,50.0
2014,5,10,1900-01-01 19:16:00,KANSAS,2014,May,Tornado,Trained Spotter,EF0,0.08,75.0
2014,4,28,1900-01-01 16:53:00,MISSISSIPPI,2014,April,Tornado,NWS Storm Survey,EF2,10.31,300.0
2014,5,23,1900-01-01 18:05:00,NEW MEXICO,2014,May,Tornado,Trained Spotter,EF0,3.65,200.0
2014,7,21,1900-01-01 19:29:00,NORTH DAKOTA,2014,July,Tornado,NWS Storm Survey,EF1,8.0,300.0
2014,6,23,1900-01-01 18:59:00,OKLAHOMA,2014,June,Tornado,Emergency Manager,EF0,0.5,50.0
2014,4,28,1900-01-01 20:40:00,MISSISSIPPI,2014,April,Tornado,NWS Storm Survey,EF3,8.71,880.0
2014,4,28,1900-01-01 18:08:00,MISSISSIPPI,2014,April,Tornado,NWS Storm Survey,EF1,5.05,100.0
2014,4,28,1900-01-01 17:00:00,MISSISSIPPI,2014,April,Tornado,NWS Storm Survey,EF1,3.82,200.0
2014,4,28,1900-01-01 19:39:00,MISSISSIPPI,2014,April,Tornado,NWS Storm Survey,EF1,11.56,100.0
2014,4,28,1900-01-01 17:13:00,MISSISSIPPI,2014,April,Tornado,NWS Storm Survey,EF0,0.8,75.0
2014,6,18,1900-01-01 21:24:00,MINNESOTA,2014,June,Tornado,Trained Spotter,EF0,0.25,50.0
2014,7,27,1900-01-01 16:05:00,MAINE,2014,July,Tornado,Public,EF0,0.63,10.0
2014,4,28,1900-01-01 17:08:00,MISSISSIPPI,2014,April,Tornado,NWS Storm Survey,EF1,6.35,250.0
2014,4,28,1900-01-01 15:56:00,MISSISSIPPI,2014,April,Tornado,NWS Storm Survey,EF1,4.67,200.0
2014,6,19,1900-01-01 15:13:00,MINNESOTA,2014,June,Tornado,Fire Department/Rescue,EF0,4.43,20.0
2014,6,19,1900-01-01 15:37:00,MINNESOTA,2014,June,Tornado,Law Enforcement,EF0,1.03,10.0
2014,6,19,1900-01-01 15:45:00,MINNESOTA,2014,June,Tornado,Law Enforcement,EF0,0.15,10.0
2014,7,12,1900-01-01 21:00:00,ILLINOIS,2014,July,Tornado,Public,EF1,0.66,50.0
2014,6,11,1900-01-01 17:18:00,SOUTH DAKOTA,2014,June,Tornado,NWS Storm Survey,EF1,0.11,50.0
2014,7,6,1900-01-01 19:45:00,IOWA,2014,July,Tornado,Trained Spotter,EF0,4.63,80.0
2014,6,4,1900-01-01 15:01:00,COLORADO,2014,June,Tornado,Law Enforcement,EF0,0.1,50.0
2014,7,27,1900-01-01 11:50:00,CONNECTICUT,2014,July,Tornado,NWS Storm Survey,EF0,0.72,100.0
2014,7,12,1900-01-01 20:20:00,ILLINOIS,2014,July,Tornado,Public,EF0,0.38,50.0
2014,7,12,1900-01-01 20:30:00,ILLINOIS,2014,July,Tornado,Public,EF1,3.7,100.0
2014,7,12,1900-01-01 20:46:00,ILLINOIS,2014,July,Tornado,Public,EF1,2.78,50.0
2014,6,16,1900-01-01 22:36:00,WISCONSIN,2014,June,Tornado,NWS Storm Survey,EF1,0.4,125.0
2014,6,6,1900-01-01 16:35:00,NEW MEXICO,2014,June,Tornado,Emergency Manager,EF0,1.24,50.0
2014,8,9,1900-01-01 14:45:00,KANSAS,2014,August,Tornado,Storm Chaser,EF0,0.5,10.0
2014,6,16,1900-01-01 22:36:00,WISCONSIN,2014,June,Tornado,NWS Storm Survey,EF1,0.51,125.0
2014,7,28,1900-01-01 15:09:00,COLORADO,2014,July,Tornado,Official NWS Observations,EF0,0.1,50.0
2014,7,28,1900-01-01 14:53:00,COLORADO,2014,July,Tornado,Official NWS Observations,EF0,0.1,50.0
2014,7,23,1900-01-01 17:26:00,MISSISSIPPI,2014,July,Tornado,Social Media,EF0,0.7,25.0
2014,6,5,1900-01-01 16:02:00,NORTH DAKOTA,2014,June,Tornado,Public,EF0,0.1,10.0
2014,8,16,1900-01-01 15:33:00,FLORIDA,2014,August,Tornado,Trained Spotter,EF0,0.37,10.0
2014,6,27,1900-01-01 10:07:00,TEXAS,2014,June,Tornado,Broadcast Media,EF0,0.01,20.0
2014,6,11,1900-01-01 18:10:00,PENNSYLVANIA,2014,June,Tornado,NWS Storm Survey,EF1,10.98,100.0
2014,6,23,1900-01-01 17:55:00,OHIO,2014,June,Tornado,NWS Storm Survey,EF1,1.72,120.0
2014,6,16,1900-01-01 22:00:00,WISCONSIN,2014,June,Tornado,Emergency Manager,EF1,4.35,200.0
2014,6,6,1900-01-01 12:56:00,COLORADO,2014,June,Tornado,Law Enforcement,EF0,0.1,50.0
2014,6,30,1900-01-01 22:24:00,INDIANA,2014,June,Tornado,NWS Storm Survey,EF1,4.72,200.0
2014,6,5,1900-01-01 15:25:00,NORTH DAKOTA,2014,June,Tornado,Storm Chaser,EF0,0.1,10.0
2014,7,27,1900-01-01 19:39:00,OHIO,2014,July,Tornado,NWS Storm Survey,EF0,2.52,1300.0
2014,6,6,1900-01-01 13:53:00,COLORADO,2014,June,Tornado,Trained Spotter,EF0,0.1,100.0
2014,8,9,1900-01-01 14:57:00,KANSAS,2014,August,Tornado,911 Call Center,EF0,0.25,10.0
2014,6,6,1900-01-01 13:20:00,COLORADO,2014,June,Tornado,Law Enforcement,EF0,0.5,100.0
2014,6,19,1900-01-01 13:03:00,SOUTH DAKOTA,2014,June,Tornado,Trained Spotter,EF0,0.05,10.0
2014,6,19,1900-01-01 12:05:00,SOUTH DAKOTA,2014,June,Tornado,Trained Spotter,EF0,0.1,10.0
2014,6,30,1900-01-01 22:11:00,INDIANA,2014,June,Tornado,NWS Storm Survey,EF1,0.26,200.0
2014,6,16,1900-01-01 14:42:00,NEBRASKA,2014,June,Tornado,NWS Storm Survey,EF4,12.11,400.0
2014,6,16,1900-01-01 15:30:00,NEBRASKA,2014,June,Tornado,NWS Storm Survey,EF2,1.79,500.0
2014,7,6,1900-01-01 18:25:00,NORTH DAKOTA,2014,July,Tornado,Social Media,EF0,3.77,40.0
2014,7,1,1900-01-01 00:22:00,INDIANA,2014,July,Tornado,NWS Storm Survey,EF1,0.45,50.0
2014,7,1,1900-01-01 00:06:00,INDIANA,2014,July,Tornado,NWS Storm Survey,EF1,0.55,150.0
2014,6,19,1900-01-01 15:00:00,MINNESOTA,2014,June,Tornado,Fire Department/Rescue,EF0,0.87,10.0
2014,6,19,1900-01-01 15:32:00,MINNESOTA,2014,June,Tornado,Emergency Manager,EF0,0.69,10.0
2014,7,31,1900-01-01 12:10:00,NEVADA,2014,July,Tornado,NWS Storm Survey,EF0,0.48,7.0
2014,6,17,1900-01-01 03:40:00,WISCONSIN,2014,June,Tornado,Emergency Manager,EF1,6.78,641.0
2014,6,18,1900-01-01 18:08:00,NORTH DAKOTA,2014,June,Tornado,Law Enforcement,EF0,0.02,20.0
2014,6,10,1900-01-01 12:44:00,ALABAMA,2014,June,Tornado,NWS Storm Survey,EF1,8.4,300.0
2014,8,9,1900-01-01 15:55:00,KANSAS,2014,August,Tornado,Storm Chaser,EF0,0.25,10.0
2014,6,3,1900-01-01 19:20:00,KANSAS,2014,June,Tornado,Trained Spotter,EF0,0.7,50.0
2014,6,27,1900-01-01 14:03:00,WISCONSIN,2014,June,Tornado,NWS Storm Survey,EF1,7.02,100.0
2014,8,21,1900-01-01 04:20:00,MINNESOTA,2014,August,Tornado,Trained Spotter,EF0,0.1,50.0
2014,6,19,1900-01-01 15:16:00,MINNESOTA,2014,June,Tornado,Fire Department/Rescue,EF0,3.62,10.0
2014,6,12,1900-01-01 19:18:00,TEXAS,2014,June,Tornado,NWS Storm Survey,EF0,0.12,50.0
2014,6,13,1900-01-01 15:41:00,WYOMING,2014,June,Tornado,NWS Storm Survey,EF2,16.51,530.0
2014,6,8,1900-01-01 14:45:00,NEW MEXICO,2014,June,Tornado,Amateur Radio,EF0,2.82,50.0
2014,6,8,1900-01-01 15:35:00,NEW MEXICO,2014,June,Tornado,Broadcast Media,EF0,1.39,50.0
2014,6,30,1900-01-01 22:25:00,INDIANA,2014,June,Tornado,NWS Storm Survey,EF1,4.93,400.0
2014,6,17,1900-01-01 10:57:00,MICHIGAN,2014,June,Tornado,NWS Storm Survey,EF1,1.58,100.0
2014,6,16,1900-01-01 15:37:00,NEBRASKA,2014,June,Tornado,NWS Storm Survey,EF4,4.72,500.0
2014,6,17,1900-01-01 18:57:00,NEBRASKA,2014,June,Tornado,NWS Storm Survey,EF1,3.94,630.0
2014,8,15,1900-01-01 13:39:00,ARIZONA,2014,August,Tornado,Social Media,EF0,0.79,50.0
2014,10,2,1900-01-01 19:28:00,ARKANSAS,2014,October,Tornado,NWS Storm Survey,EF1,7.53,300.0
2014,10,13,1900-01-01 08:27:00,ARKANSAS,2014,October,Tornado,NWS Storm Survey,EF1,3.31,150.0
2014,10,13,1900-01-01 15:07:00,ILLINOIS,2014,October,Tornado,NWS Storm Survey,EF1,0.66,50.0
2014,7,6,1900-01-01 19:41:00,IOWA,2014,July,Tornado,Public,EF0,0.94,20.0
2014,6,10,1900-01-01 18:23:00,INDIANA,2014,June,Tornado,Law Enforcement,EF0,0.5,25.0
2014,6,7,1900-01-01 07:33:00,NEW MEXICO,2014,June,Tornado,Trained Spotter,EF0,0.1,20.0
2014,6,7,1900-01-01 15:58:00,NEW MEXICO,2014,June,Tornado,NWS Employee,EF0,0.25,50.0
2014,6,14,1900-01-01 18:31:00,NEBRASKA,2014,June,Tornado,NWS Storm Survey,EF0,1.19,75.0
2014,6,14,1900-01-01 19:25:00,NEBRASKA,2014,June,Tornado,NWS Storm Survey,EF0,0.27,25.0
2014,6,14,1900-01-01 21:05:00,NEBRASKA,2014,June,Tornado,NWS Storm Survey,EF0,0.01,25.0
2014,6,14,1900-01-01 21:24:00,NEBRASKA,2014,June,Tornado,NWS Storm Survey,EF0,0.01,25.0
2014,6,30,1900-01-01 22:29:00,INDIANA,2014,June,Tornado,NWS Storm Survey,EF1,3.43,400.0
2014,6,17,1900-01-01 20:28:00,NEBRASKA,2014,June,Tornado,NWS Storm Survey,EF2,0.94,200.0
2014,8,17,1900-01-01 16:31:00,KENTUCKY,2014,August,Tornado,NWS Storm Survey,EF0,0.59,125.0
2014,10,13,1900-01-01 06:40:00,ARKANSAS,2014,October,Tornado,NWS Storm Survey,EF1,3.32,250.0
2014,7,6,1900-01-01 20:15:00,IOWA,2014,July,Tornado,Public,EF0,0.52,25.0
2014,7,6,1900-01-01 19:08:00,IOWA,2014,July,Tornado,Public,EF0,0.04,20.0
2014,6,7,1900-01-01 18:25:00,NEW MEXICO,2014,June,Tornado,Storm Chaser,EF0,3.73,50.0
2014,9,1,1900-01-01 19:01:00,KANSAS,2014,September,Tornado,Storm Chaser,EF0,3.69,100.0
2014,6,17,1900-01-01 19:09:00,NEBRASKA,2014,June,Tornado,NWS Storm Survey,EF3,3.96,2059.0
2014,6,17,1900-01-01 20:10:00,NEBRASKA,2014,June,Tornado,NWS Storm Survey,EF1,3.39,850.0
2014,6,16,1900-01-01 22:00:00,WISCONSIN,2014,June,Tornado,Public,EF1,0.65,50.0
2014,6,16,1900-01-01 22:01:00,WISCONSIN,2014,June,Tornado,Public,EF1,0.52,50.0
2014,7,6,1900-01-01 19:09:00,IOWA,2014,July,Tornado,Public,EF0,1.43,20.0
2014,6,22,1900-01-01 17:06:00,COLORADO,2014,June,Tornado,Storm Chaser,EF0,0.1,50.0
2014,6,19,1900-01-01 12:45:00,SOUTH DAKOTA,2014,June,Tornado,Other Federal Agency,EF0,0.1,10.0
2014,6,16,1900-01-01 19:23:00,NORTH DAKOTA,2014,June,Tornado,Public,EF0,1.35,25.0
2014,6,29,1900-01-01 21:26:00,WISCONSIN,2014,June,Tornado,NWS Storm Survey,EF2,5.05,200.0
2014,6,29,1900-01-01 22:27:00,WISCONSIN,2014,June,Tornado,NWS Storm Survey,EF1,2.32,500.0
2014,6,21,1900-01-01 17:45:00,SOUTH DAKOTA,2014,June,Tornado,Law Enforcement,EF0,0.28,20.0
2014,8,21,1900-01-01 15:25:00,PENNSYLVANIA,2014,August,Tornado,NWS Storm Survey,EF0,0.54,20.0
2014,6,30,1900-01-01 23:35:00,INDIANA,2014,June,Tornado,NWS Storm Survey,EF1,6.85,150.0
2014,8,9,1900-01-01 15:30:00,SOUTH DAKOTA,2014,August,Tornado,NWS Storm Survey,EF0,0.83,20.0
2014,6,18,1900-01-01 19:36:00,COLORADO,2014,June,Tornado,Storm Chaser,EF0,0.1,50.0
2014,6,18,1900-01-01 19:26:00,COLORADO,2014,June,Tornado,Trained Spotter,EF0,0.1,50.0
2014,6,12,1900-01-01 19:25:00,TEXAS,2014,June,Tornado,NWS Storm Survey,EF2,1.68,100.0
2014,8,11,1900-01-01 14:00:00,OHIO,2014,August,Tornado,Trained Spotter,EF0,0.16,25.0
2014,8,15,1900-01-01 12:55:00,FLORIDA,2014,August,Tornado,Public,EF0,0.15,15.0
2014,10,13,1900-01-01 15:06:00,ILLINOIS,2014,October,Tornado,NWS Storm Survey,EF1,2.47,100.0
2014,6,18,1900-01-01 19:16:00,COLORADO,2014,June,Tornado,Storm Chaser,EF0,0.1,50.0
2014,6,6,1900-01-01 15:25:00,NEW MEXICO,2014,June,Tornado,NWS Employee,EF0,0.85,100.0
2014,6,30,1900-01-01 11:42:00,IOWA,2014,June,Tornado,NWS Storm Survey,EF1,7.12,200.0
2014,6,30,1900-01-01 13:02:00,IOWA,2014,June,Tornado,NWS Storm Survey,EF2,3.7,150.0
2014,6,16,1900-01-01 15:13:00,NEBRASKA,2014,June,Tornado,NWS Storm Survey,EF1,1.11,280.0
2014,6,16,1900-01-01 15:00:00,NEBRASKA,2014,June,Tornado,NWS Storm Survey,EF4,8.05,500.0
2014,9,1,1900-01-01 19:25:00,KANSAS,2014,September,Tornado,Law Enforcement,EF1,7.4,100.0
2014,6,30,1900-01-01 23:41:00,INDIANA,2014,June,Tornado,NWS Storm Survey,EF1,0.16,50.0
2014,7,1,1900-01-01 00:12:00,INDIANA,2014,July,Tornado,NWS Storm Survey,EF0,2.52,150.0
2014,6,30,1900-01-01 12:15:00,IOWA,2014,June,Tornado,NWS Storm Survey,EF1,6.38,400.0
2014,6,30,1900-01-01 12:02:00,IOWA,2014,June,Tornado,NWS Storm Survey,EF0,2.01,90.0
2014,6,7,1900-01-01 16:14:00,NEW MEXICO,2014,June,Tornado,NWS Employee,EF0,0.1,50.0
2014,6,30,1900-01-01 12:13:00,IOWA,2014,June,Tornado,NWS Storm Survey,EF1,1.34,75.0
2014,6,4,1900-01-01 19:15:00,COLORADO,2014,June,Tornado,Law Enforcement,EF0,0.1,50.0
2014,6,4,1900-01-01 21:15:00,COLORADO,2014,June,Tornado,Storm Chaser,EF1,5.24,200.0
2014,6,16,1900-01-01 15:17:00,NEBRASKA,2014,June,Tornado,NWS Storm Survey,EF4,8.6,500.0
2014,6,16,1900-01-01 15:21:00,NEBRASKA,2014,June,Tornado,NWS Storm Survey,EF3,11.17,500.0
2014,7,7,1900-01-01 18:40:00,KENTUCKY,2014,July,Tornado,NWS Storm Survey,EF0,0.47,200.0
2014,9,1,1900-01-01 22:14:00,MISSOURI,2014,September,Tornado,NWS Storm Survey,EF1,2.7,400.0
2014,9,1,1900-01-01 22:36:00,MISSOURI,2014,September,Tornado,NWS Storm Survey,EF0,1.24,100.0
2014,6,3,1900-01-01 15:18:00,NEBRASKA,2014,June,Tornado,NWS Storm Survey,EF0,1.15,50.0
2014,6,5,1900-01-01 15:34:00,ALABAMA,2014,June,Tornado,State Official,EF1,0.74,100.0
2014,6,21,1900-01-01 13:42:00,COLORADO,2014,June,Tornado,Airplane Pilot,EF0,0.1,50.0
2014,6,21,1900-01-01 14:11:00,COLORADO,2014,June,Tornado,Public,EF0,0.1,50.0
2014,6,21,1900-01-01 13:36:00,COLORADO,2014,June,Tornado,Law Enforcement,EF1,0.25,100.0
2014,6,30,1900-01-01 12:17:00,IOWA,2014,June,Tornado,NWS Storm Survey,EF1,4.5,190.0
2014,6,30,1900-01-01 12:05:00,IOWA,2014,June,Tornado,NWS Storm Survey,EF1,5.53,460.0
2014,6,30,1900-01-01 12:15:00,IOWA,2014,June,Tornado,NWS Storm Survey,EF0,5.29,150.0
2014,6,1,1900-01-01 18:03:00,NORTH DAKOTA,2014,June,Tornado,Emergency Manager,EF0,0.04,20.0
2014,6,4,1900-01-01 21:44:00,COLORADO,2014,June,Tornado,Storm Chaser,EF0,3.39,100.0
2014,6,14,1900-01-01 16:11:00,COLORADO,2014,June,Tornado,Emergency Manager,EF0,0.1,50.0
2014,6,25,1900-01-01 17:05:00,WYOMING,2014,June,Tornado,NWS Storm Survey,EF1,5.92,100.0
2014,6,26,1900-01-01 15:55:00,WYOMING,2014,June,Tornado,Emergency Manager,EF0,0.33,30.0
2014,10,2,1900-01-01 19:24:00,ARKANSAS,2014,October,Tornado,NWS Storm Survey,EF0,5.18,300.0
2014,7,1,1900-01-01 00:06:00,INDIANA,2014,July,Tornado,NWS Storm Survey,EF0,1.79,50.0
2014,10,2,1900-01-01 19:55:00,ARKANSAS,2014,October,Tornado,NWS Storm Survey,EF1,4.08,200.0
2014,7,8,1900-01-01 17:48:00,NEW YORK,2014,July,Tornado,NWS Storm Survey,EF1,12.32,300.0
2014,6,29,1900-01-01 21:18:00,WISCONSIN,2014,June,Tornado,Emergency Manager,EF2,29.07,400.0
2014,6,8,1900-01-01 15:40:00,NEW MEXICO,2014,June,Tornado,Law Enforcement,EF0,1.08,50.0
2014,6,30,1900-01-01 12:23:00,IOWA,2014,June,Tornado,NWS Storm Survey,EF0,1.22,140.0
2014,6,30,1900-01-01 12:27:00,IOWA,2014,June,Tornado,NWS Storm Survey,EF1,2.03,190.0
2014,7,6,1900-01-01 18:00:00,IOWA,2014,July,Tornado,Public,EF0,0.4,15.0
2014,6,16,1900-01-01 15:40:00,NEBRASKA,2014,June,Tornado,NWS Storm Survey,EF4,9.79,530.0
2014,6,3,1900-01-01 16:01:00,NEBRASKA,2014,June,Tornado,NWS Storm Survey,EF0,0.01,25.0
2014,10,13,1900-01-01 12:30:00,MISSOURI,2014,October,Tornado,NWS Storm Survey,EF1,7.35,75.0
2014,6,17,1900-01-01 20:45:00,NEBRASKA,2014,June,Tornado,NWS Storm Survey,EF2,5.31,850.0
2014,6,16,1900-01-01 19:12:00,IOWA,2014,June,Tornado,Public,EF0,2.0,75.0
2014,6,16,1900-01-01 22:10:00,WISCONSIN,2014,June,Tornado,Emergency Manager,EF1,0.41,100.0
2014,7,6,1900-01-01 18:58:00,IOWA,2014,July,Tornado,NWS Storm Survey,EF1,3.21,100.0
2014,10,13,1900-01-01 04:04:00,ARKANSAS,2014,October,Tornado,NWS Storm Survey,EF1,3.66,300.0
2014,7,6,1900-01-01 19:12:00,IOWA,2014,July,Tornado,NWS Storm Survey,EF1,9.68,225.0
2014,8,17,1900-01-01 15:33:00,KENTUCKY,2014,August,Tornado,NWS Storm Survey,EF1,1.65,60.0
2014,9,9,1900-01-01 20:10:00,MISSOURI,2014,September,Tornado,NWS Storm Survey,EF0,1.69,25.0
2014,8,18,1900-01-01 15:23:00,WISCONSIN,2014,August,Tornado,Emergency Manager,EF0,2.06,50.0
2014,7,28,1900-01-01 08:32:00,MASSACHUSETTS,2014,July,Tornado,NWS Storm Survey,EF2,1.93,660.0
2014,7,27,1900-01-01 15:24:00,KENTUCKY,2014,July,Tornado,NWS Storm Survey,EF1,2.0,900.0
2014,10,13,1900-01-01 12:45:00,MISSOURI,2014,October,Tornado,NWS Storm Survey,EF1,7.16,100.0
2014,10,13,1900-01-01 13:02:00,MISSOURI,2014,October,Tornado,NWS Storm Survey,EF1,2.0,50.0
2014,10,13,1900-01-01 12:40:00,MISSOURI,2014,October,Tornado,NWS Storm Survey,EF1,2.0,75.0
2014,8,4,1900-01-01 11:40:00,NEVADA,2014,August,Tornado,Public,EF0,0.08,25.0
2014,8,25,1900-01-01 16:40:00,COLORADO,2014,August,Tornado,Amateur Radio,EF0,0.96,75.0
2014,10,9,1900-01-01 20:10:00,TEXAS,2014,October,Tornado,NWS Storm Survey,EF1,7.03,125.0
2014,8,28,1900-01-01 17:44:00,SOUTH DAKOTA,2014,August,Tornado,Trained Spotter,EF0,3.74,50.0
2014,8,24,1900-01-01 16:56:00,MINNESOTA,2014,August,Tornado,NWS Storm Survey,EF0,1.43,150.0
2014,7,21,1900-01-01 12:35:00,TEXAS,2014,July,Tornado,Law Enforcement,EF0,0.1,20.0
2014,7,24,1900-01-01 07:30:00,NEW HAMPSHIRE,2014,July,Tornado,Public,EF0,0.02,10.0
2014,10,7,1900-01-01 15:05:00,KENTUCKY,2014,October,Tornado,NWS Storm Survey,EF1,3.66,275.0
2014,10,7,1900-01-01 14:49:00,KENTUCKY,2014,October,Tornado,NWS Storm Survey,EF1,3.55,150.0
2014,10,7,1900-01-01 14:48:00,KENTUCKY,2014,October,Tornado,NWS Storm Survey,EF1,2.79,150.0
2014,10,13,1900-01-01 21:58:00,FLORIDA,2014,October,Tornado,NWS Employee,EF0,0.01,20.0
2014,10,14,1900-01-01 02:00:00,FLORIDA,2014,October,Tornado,Emergency Manager,EF0,1.73,20.0
2014,10,13,1900-01-01 20:59:00,FLORIDA,2014,October,Tornado,Broadcast Media,EF0,2.07,20.0
2014,8,28,1900-01-01 16:30:00,KANSAS,2014,August,Tornado,Law Enforcement,EF0,0.1,25.0
2014,10,13,1900-01-01 19:50:00,FLORIDA,2014,October,Tornado,NWS Employee,EF0,0.01,20.0
2014,10,13,1900-01-01 19:29:00,FLORIDA,2014,October,Tornado,NWS Employee,EF0,0.01,20.0
2014,10,2,1900-01-01 23:10:00,KENTUCKY,2014,October,Tornado,NWS Storm Survey,EF1,0.38,125.0
2014,8,23,1900-01-01 16:30:00,SOUTH DAKOTA,2014,August,Tornado,NWS Storm Survey,EF0,2.13,10.0
2014,8,23,1900-01-01 16:35:00,SOUTH DAKOTA,2014,August,Tornado,NWS Storm Survey,EF0,4.4,15.0
2014,9,19,1900-01-01 18:21:00,MINNESOTA,2014,September,Tornado,NWS Storm Survey,EF1,7.0,300.0
2014,9,19,1900-01-01 17:19:00,MINNESOTA,2014,September,Tornado,NWS Storm Survey,EF2,10.0,500.0
2014,10,3,1900-01-01 00:15:00,KENTUCKY,2014,October,Tornado,NWS Storm Survey,EF1,1.36,110.0
2014,8,23,1900-01-01 17:31:00,SOUTH DAKOTA,2014,August,Tornado,NWS Storm Survey,EF1,1.46,10.0
2014,10,13,1900-01-01 15:20:00,FLORIDA,2014,October,Tornado,Broadcast Media,EF0,2.58,30.0
2014,9,4,1900-01-01 03:48:00,MINNESOTA,2014,September,Tornado,NWS Storm Survey,EF2,2.7,200.0
2014,7,15,1900-01-01 17:52:00,MAINE,2014,July,Tornado,NWS Storm Survey,EF1,2.75,800.0
2014,8,20,1900-01-01 13:04:00,MICHIGAN,2014,August,Tornado,Law Enforcement,EF0,0.29,100.0
2014,5,8,1900-01-01 16:11:00,MINNESOTA,2014,May,Tornado,Storm Chaser,EF0,1.5,50.0
2014,9,4,1900-01-01 04:42:00,MINNESOTA,2014,September,Tornado,Trained Spotter,EF1,2.0,250.0
2014,10,7,1900-01-01 15:35:00,KENTUCKY,2014,October,Tornado,NWS Storm Survey,EF1,0.6,50.0
2014,7,3,1900-01-01 19:50:00,NORTH CAROLINA,2014,July,Tornado,Emergency Manager,EF1,1.13,100.0
2014,7,3,1900-01-01 15:36:00,NORTH CAROLINA,2014,July,Tornado,NWS Storm Survey,EF1,0.77,200.0
2014,7,2,1900-01-01 16:00:00,TEXAS,2014,July,Tornado,Fire Department/Rescue,EF0,0.22,50.0
2014,10,7,1900-01-01 14:45:00,KENTUCKY,2014,October,Tornado,NWS Storm Survey,EF1,3.7,150.0
2014,10,7,1900-01-01 17:35:00,INDIANA,2014,October,Tornado,Emergency Manager,EF0,0.1,50.0
2014,10,7,1900-01-01 15:53:00,KENTUCKY,2014,October,Tornado,NWS Storm Survey,EF1,0.3,35.0
2014,10,7,1900-01-01 21:44:00,KENTUCKY,2014,October,Tornado,NWS Storm Survey,EF1,0.1,130.0
2014,8,6,1900-01-01 17:10:00,COLORADO,2014,August,Tornado,Broadcast Media,EF0,0.1,50.0
2014,8,11,1900-01-01 12:46:00,WISCONSIN,2014,August,Tornado,Public,EF0,0.05,3.0
2014,7,7,1900-01-01 17:43:00,MINNESOTA,2014,July,Tornado,NWS Storm Survey,EF0,1.3,50.0
2014,3,31,1900-01-01 15:00:00,MINNESOTA,2014,March,Tornado,Emergency Manager,EF0,5.38,100.0
2014,9,6,1900-01-01 12:39:00,LOUISIANA,2014,September,Tornado,Public,EF0,0.01,10.0
2014,10,14,1900-01-01 03:42:00,GEORGIA,2014,October,Tornado,NWS Storm Survey,EF1,2.95,200.0
2014,10,14,1900-01-01 04:15:00,GEORGIA,2014,October,Tornado,NWS Storm Survey,EF0,2.99,75.0
2014,9,29,1900-01-01 15:25:00,NEW MEXICO,2014,September,Tornado,NWS Storm Survey,EF1,2.26,700.0
2014,10,14,1900-01-01 19:48:00,NORTH CAROLINA,2014,October,Tornado,NWS Storm Survey,EF0,0.5,100.0
2014,10,14,1900-01-01 03:46:00,GEORGIA,2014,October,Tornado,NWS Storm Survey,EF1,1.49,200.0
2014,10,14,1900-01-01 04:20:00,GEORGIA,2014,October,Tornado,NWS Storm Survey,EF0,2.63,75.0
2014,10,13,1900-01-01 04:37:00,ARKANSAS,2014,October,Tornado,NWS Storm Survey,EF2,2.51,400.0
2014,6,11,1900-01-01 19:20:00,TEXAS,2014,June,Tornado,NWS Storm Survey,EF0,0.69,50.0
2014,6,11,1900-01-01 19:24:00,TEXAS,2014,June,Tornado,Amateur Radio,EF0,0.59,75.0
2014,9,1,1900-01-01 22:13:00,MISSOURI,2014,September,Tornado,NWS Storm Survey,EF1,2.22,100.0
2014,10,14,1900-01-01 04:33:00,GEORGIA,2014,October,Tornado,NWS Storm Survey,EF0,1.07,75.0
2014,11,17,1900-01-01 13:00:00,FLORIDA,2014,November,Tornado,NWS Storm Survey,EF0,0.8,75.0
2014,10,6,1900-01-01 17:13:00,KENTUCKY,2014,October,Tornado,NWS Storm Survey,EF1,2.17,150.0
2014,10,7,1900-01-01 22:39:00,WEST VIRGINIA,2014,October,Tornado,NWS Storm Survey,EF1,5.54,180.0
2014,10,14,1900-01-01 04:43:00,GEORGIA,2014,October,Tornado,NWS Storm Survey,EF1,0.83,100.0
2014,10,13,1900-01-01 14:56:00,ILLINOIS,2014,October,Tornado,NWS Storm Survey,EF1,8.44,200.0
2014,10,13,1900-01-01 15:12:00,ILLINOIS,2014,October,Tornado,NWS Storm Survey,EF1,0.2,50.0
2014,10,14,1900-01-01 04:55:00,GEORGIA,2014,October,Tornado,NWS Storm Survey,EF1,6.4,100.0
2014,10,14,1900-01-01 05:08:00,GEORGIA,2014,October,Tornado,NWS Storm Survey,EF0,1.11,100.0
2014,10,13,1900-01-01 15:29:00,ILLINOIS,2014,October,Tornado,NWS Storm Survey,EF0,2.75,50.0
2014,10,13,1900-01-01 14:54:00,ILLINOIS,2014,October,Tornado,NWS Storm Survey,EF2,1.56,200.0
2014,9,21,1900-01-01 04:47:00,MICHIGAN,2014,September,Tornado,NWS Storm Survey,EF1,1.23,150.0
2014,2,21,1900-01-01 12:33:00,MARYLAND,2014,February,Tornado,NWS Storm Survey,EF0,5.63,75.0
2014,4,27,1900-01-01 16:40:00,KANSAS,2014,April,Tornado,NWS Storm Survey,EF1,7.63,200.0
2014,10,7,1900-01-01 21:41:00,WEST VIRGINIA,2014,October,Tornado,NWS Employee,EF2,3.01,150.0
2014,9,1,1900-01-01 13:43:00,MICHIGAN,2014,September,Tornado,NWS Storm Survey,EF0,0.67,30.0
2014,10,13,1900-01-01 10:16:00,LOUISIANA,2014,October,Tornado,NWS Storm Survey,EF2,9.05,300.0
2014,9,1,1900-01-01 13:16:00,MICHIGAN,2014,September,Tornado,NWS Storm Survey,EF1,9.14,75.0
2014,9,1,1900-01-01 12:47:00,MICHIGAN,2014,September,Tornado,NWS Storm Survey,EF1,4.02,125.0
2014,9,1,1900-01-01 13:42:00,MICHIGAN,2014,September,Tornado,NWS Storm Survey,EF1,7.21,210.0
2014,10,7,1900-01-01 15:12:00,KENTUCKY,2014,October,Tornado,NWS Storm Survey,EF1,1.7,60.0
2014,10,7,1900-01-01 13:50:00,KENTUCKY,2014,October,Tornado,NWS Storm Survey,EF1,0.12,50.0
2014,10,6,1900-01-01 18:40:00,GEORGIA,2014,October,Tornado,NWS Storm Survey,EF1,0.29,100.0
2014,9,27,1900-01-01 13:55:00,ARIZONA,2014,September,Tornado,NWS Storm Survey,EF0,2.1,700.0
2014,8,24,1900-01-01 16:47:00,MINNESOTA,2014,August,Tornado,NWS Storm Survey,EF0,4.24,150.0
2014,10,2,1900-01-01 20:28:00,ARKANSAS,2014,October,Tornado,Public,EF0,0.7,33.0
2014,9,30,1900-01-01 15:45:00,SOUTH DAKOTA,2014,September,Tornado,Trained Spotter,EF0,0.3,10.0
2014,10,13,1900-01-01 18:29:00,ALABAMA,2014,October,Tornado,NWS Storm Survey,EF1,3.48,200.0
2014,9,9,1900-01-01 16:50:00,MISSOURI,2014,September,Tornado,Emergency Manager,EF0,4.89,25.0
2014,9,2,1900-01-01 18:10:00,NEW YORK,2014,September,Tornado,NWS Storm Survey,EF1,6.0,150.0
2014,10,23,1900-01-01 12:40:00,WASHINGTON,2014,October,Tornado,NWS Storm Survey,EF1,1.3,66.0
2014,10,6,1900-01-01 17:02:00,KENTUCKY,2014,October,Tornado,Emergency Manager,EF1,0.17,100.0
2014,9,9,1900-01-01 18:10:00,MISSOURI,2014,September,Tornado,NWS Employee,EF0,0.87,30.0
2014,9,9,1900-01-01 18:11:00,MISSOURI,2014,September,Tornado,NWS Employee,EF0,2.17,30.0
2014,9,9,1900-01-01 15:29:00,NEBRASKA,2014,September,Tornado,NWS Storm Survey,EF1,7.72,965.0
2014,9,2,1900-01-01 19:32:00,NEW YORK,2014,September,Tornado,NWS Storm Survey,EF1,0.1,50.0
2014,2,20,1900-01-01 19:48:00,MISSISSIPPI,2014,February,Tornado,NWS Storm Survey,EF0,0.52,50.0
2014,4,28,1900-01-01 16:24:00,KENTUCKY,2014,April,Tornado,NWS Storm Survey,EF1,2.24,60.0
2014,4,28,1900-01-01 16:46:00,KENTUCKY,2014,April,Tornado,NWS Storm Survey,EF0,1.03,25.0
2014,5,11,1900-01-01 17:55:00,NEBRASKA,2014,May,Tornado,Emergency Manager,EF1,5.8,500.0
2014,3,26,1900-01-01 16:33:00,CALIFORNIA,2014,March,Tornado,NWS Storm Survey,EF1,0.95,50.0
2014,2,20,1900-01-01 16:19:00,ILLINOIS,2014,February,Tornado,NWS Storm Survey,EF1,4.77,100.0
2014,2,20,1900-01-01 16:54:00,ILLINOIS,2014,February,Tornado,NWS Storm Survey,EF1,1.54,100.0
2014,2,20,1900-01-01 21:28:00,MISSISSIPPI,2014,February,Tornado,NWS Storm Survey,EF1,4.62,100.0
2014,5,11,1900-01-01 18:07:00,NEBRASKA,2014,May,Tornado,Amateur Radio,EF1,7.33,800.0
2014,5,11,1900-01-01 18:21:00,NEBRASKA,2014,May,Tornado,NWS Storm Survey,EF1,5.16,200.0
2014,4,24,1900-01-01 21:45:00,ILLINOIS,2014,April,Tornado,NWS Storm Survey,EF1,2.21,100.0
2014,4,27,1900-01-01 17:15:00,MISSOURI,2014,April,Tornado,Public,EF0,0.34,100.0
2014,4,27,1900-01-01 22:45:00,MISSOURI,2014,April,Tornado,NWS Storm Survey,EF0,0.88,100.0
2014,10,13,1900-01-01 11:48:00,ARKANSAS,2014,October,Tornado,NWS Storm Survey,EF0,0.87,100.0
2014,5,11,1900-01-01 18:02:00,NEBRASKA,2014,May,Tornado,Emergency Manager,EF1,9.7,500.0
2014,5,11,1900-01-01 17:42:00,NEBRASKA,2014,May,Tornado,NWS Storm Survey,EF0,1.8,200.0
2014,5,11,1900-01-01 17:59:00,NEBRASKA,2014,May,Tornado,NWS Storm Survey,EF1,3.36,800.0
2014,4,27,1900-01-01 18:59:00,ARKANSAS,2014,April,Tornado,NWS Storm Survey,EF2,2.43,500.0
2014,3,29,1900-01-01 18:40:00,CALIFORNIA,2014,March,Tornado,Trained Spotter,EF0,0.01,10.0
2014,3,1,1900-01-01 12:40:00,ARIZONA,2014,March,Tornado,Public,EF0,0.45,100.0
2014,4,2,1900-01-01 19:23:00,KANSAS,2014,April,Tornado,Storm Chaser,EF0,0.02,10.0
2014,4,3,1900-01-01 07:30:00,ILLINOIS,2014,April,Tornado,NWS Storm Survey,EF1,0.99,90.0
2014,2,20,1900-01-01 14:25:00,ILLINOIS,2014,February,Tornado,NWS Storm Survey,EF2,12.09,80.0
2014,2,20,1900-01-01 16:09:00,ILLINOIS,2014,February,Tornado,NWS Storm Survey,EF1,6.3,50.0
2014,5,15,1900-01-01 05:46:00,NORTH CAROLINA,2014,May,Tornado,Emergency Manager,EF0,0.5,40.0
2014,2,20,1900-01-01 16:36:00,ILLINOIS,2014,February,Tornado,NWS Storm Survey,EF1,4.8,50.0
2014,2,20,1900-01-01 15:57:00,ILLINOIS,2014,February,Tornado,NWS Storm Survey,EF1,1.06,50.0
2014,2,20,1900-01-01 15:58:00,ILLINOIS,2014,February,Tornado,NWS Storm Survey,EF1,11.25,50.0
2014,2,21,1900-01-01 01:56:00,ALABAMA,2014,February,Tornado,NWS Storm Survey,EF0,4.2,150.0
2014,4,27,1900-01-01 19:48:00,ARKANSAS,2014,April,Tornado,NWS Storm Survey,EF1,0.53,100.0
2014,4,3,1900-01-01 19:40:00,ILLINOIS,2014,April,Tornado,NWS Storm Survey,EF0,0.27,50.0
2014,3,25,1900-01-01 18:15:00,CALIFORNIA,2014,March,Tornado,Public,EF0,0.26,10.0
2014,3,26,1900-01-01 16:30:00,CALIFORNIA,2014,March,Tornado,NWS Storm Survey,EF1,0.7,50.0
2014,4,3,1900-01-01 19:52:00,ILLINOIS,2014,April,Tornado,NWS Storm Survey,EF0,5.03,85.0
2014,4,3,1900-01-01 20:00:00,ILLINOIS,2014,April,Tornado,NWS Storm Survey,EF0,3.18,75.0
2014,2,20,1900-01-01 15:43:00,ILLINOIS,2014,February,Tornado,NWS Storm Survey,EF0,0.22,75.0
2014,2,21,1900-01-01 12:15:00,NORTH CAROLINA,2014,February,Tornado,NWS Storm Survey,EF0,0.49,25.0
2014,2,21,1900-01-01 12:38:00,NORTH CAROLINA,2014,February,Tornado,NWS Storm Survey,EF0,0.16,35.0
2014,4,7,1900-01-01 14:49:00,NORTH CAROLINA,2014,April,Tornado,NWS Storm Survey,EF2,4.7,300.0
2014,4,7,1900-01-01 15:00:00,NORTH CAROLINA,2014,April,Tornado,NWS Storm Survey,EF1,1.32,200.0
2014,2,20,1900-01-01 21:50:00,MISSISSIPPI,2014,February,Tornado,NWS Storm Survey,EF0,0.6,50.0
2014,4,3,1900-01-01 20:40:00,MISSOURI,2014,April,Tornado,NWS Storm Survey,EF2,3.48,220.0
2014,4,27,1900-01-01 16:35:00,KANSAS,2014,April,Tornado,NWS Storm Survey,EF2,4.27,150.0
2014,4,3,1900-01-01 18:56:00,MISSOURI,2014,April,Tornado,NWS Storm Survey,EF0,0.19,50.0
2014,4,3,1900-01-01 20:01:00,MISSOURI,2014,April,Tornado,NWS Storm Survey,EF1,7.43,75.0
2014,5,11,1900-01-01 16:23:00,NEBRASKA,2014,May,Tornado,NWS Storm Survey,EF2,7.96,500.0
2014,5,11,1900-01-01 16:13:00,NEBRASKA,2014,May,Tornado,NWS Storm Survey,EF0,1.71,100.0
2014,2,20,1900-01-01 15:57:00,ILLINOIS,2014,February,Tornado,NWS Storm Survey,EF1,8.25,300.0
2014,4,28,1900-01-01 02:09:00,LOUISIANA,2014,April,Tornado,NWS Storm Survey,EF2,3.48,550.0
2014,4,3,1900-01-01 20:00:00,MISSOURI,2014,April,Tornado,NWS Storm Survey,EF1,0.55,75.0
2014,2,20,1900-01-01 16:39:00,MISSOURI,2014,February,Tornado,NWS Storm Survey,EF1,0.24,70.0
2014,2,20,1900-01-01 16:14:00,ILLINOIS,2014,February,Tornado,NWS Storm Survey,EF0,3.77,50.0
2014,4,6,1900-01-01 18:41:00,MISSISSIPPI,2014,April,Tornado,NWS Storm Survey,EF1,1.25,150.0
2014,4,27,1900-01-01 16:31:00,OKLAHOMA,2014,April,Tornado,NWS Storm Survey,EF1,1.5,250.0
2014,4,28,1900-01-01 16:14:00,MISSISSIPPI,2014,April,Tornado,NWS Storm Survey,EF1,5.07,100.0
2014,4,28,1900-01-01 02:13:00,LOUISIANA,2014,April,Tornado,NWS Storm Survey,EF2,1.58,550.0
2014,4,3,1900-01-01 20:25:00,ILLINOIS,2014,April,Tornado,NWS Storm Survey,EF1,0.77,50.0
2014,3,31,1900-01-01 14:50:00,MINNESOTA,2014,March,Tornado,Emergency Manager,EF0,5.29,100.0
2014,3,28,1900-01-01 20:23:00,LOUISIANA,2014,March,Tornado,NWS Storm Survey,EF1,1.52,200.0
2014,2,20,1900-01-01 22:14:00,INDIANA,2014,February,Tornado,NWS Storm Survey,EF1,0.81,50.0
2014,2,20,1900-01-01 16:25:00,ILLINOIS,2014,February,Tornado,NWS Storm Survey,EF2,7.54,200.0
2014,2,21,1900-01-01 12:23:00,MARYLAND,2014,February,Tornado,NWS Storm Survey,EF0,18.0,75.0
2014,4,28,1900-01-01 14:19:00,MISSISSIPPI,2014,April,Tornado,NWS Storm Survey,EF3,1.02,440.0
2014,5,26,1900-01-01 16:38:00,TEXAS,2014,May,Tornado,Trained Spotter,EF2,1.01,400.0
2014,6,8,1900-01-01 11:32:00,COLORADO,2014,June,Tornado,Law Enforcement,EF2,6.63,150.0
2014,4,30,1900-01-01 00:44:00,FLORIDA,2014,April,Tornado,NWS Storm Survey,EF1,1.62,100.0
2014,4,29,1900-01-01 00:36:00,ALABAMA,2014,April,Tornado,NWS Storm Survey,EF1,10.2,200.0
2014,5,24,1900-01-01 13:36:00,WYOMING,2014,May,Tornado,Trained Spotter,EF0,0.77,20.0
2014,5,31,1900-01-01 13:55:00,MONTANA,2014,May,Tornado,Law Enforcement,EF0,0.1,25.0
2014,5,10,1900-01-01 14:07:00,ALABAMA,2014,May,Tornado,NWS Storm Survey,EF1,2.15,100.0
2014,4,7,1900-01-01 01:02:00,MISSISSIPPI,2014,April,Tornado,NWS Storm Survey,EF2,16.0,600.0
2014,5,11,1900-01-01 21:05:00,KANSAS,2014,May,Tornado,Fire Department/Rescue,EF0,1.13,75.0
2014,5,11,1900-01-01 19:35:00,IOWA,2014,May,Tornado,NWS Storm Survey,EF1,3.91,100.0
2014,4,25,1900-01-01 15:46:00,NORTH CAROLINA,2014,April,Tornado,NWS Storm Survey,EF1,4.18,125.0
2014,4,28,1900-01-01 14:02:00,MISSISSIPPI,2014,April,Tornado,NWS Storm Survey,EF3,10.74,440.0
2014,4,28,1900-01-01 23:54:00,ALABAMA,2014,April,Tornado,NWS Storm Survey,EF2,2.47,200.0
2014,4,29,1900-01-01 01:23:00,ALABAMA,2014,April,Tornado,Unknown,EF1,1.05,200.0
2014,5,24,1900-01-01 16:21:00,TEXAS,2014,May,Tornado,Public,EF0,0.12,50.0
2014,7,6,1900-01-01 21:20:00,MICHIGAN,2014,July,Tornado,NWS Storm Survey,EF1,6.25,400.0
2014,6,9,1900-01-01 07:16:00,TEXAS,2014,June,Tornado,NWS Storm Survey,EF0,1.71,200.0
2014,4,28,1900-01-01 19:35:00,MISSISSIPPI,2014,April,Tornado,NWS Storm Survey,EF1,1.55,100.0
2014,4,30,1900-01-01 00:52:00,FLORIDA,2014,April,Tornado,NWS Storm Survey,EF1,4.61,150.0
2014,4,27,1900-01-01 14:23:00,IOWA,2014,April,Tornado,NWS Storm Survey,EF1,29.34,1600.0
2014,4,27,1900-01-01 14:52:00,IOWA,2014,April,Tornado,NWS Storm Survey,EF1,9.45,200.0
2014,4,27,1900-01-01 15:02:00,IOWA,2014,April,Tornado,NWS Storm Survey,EF0,4.24,100.0
2014,4,28,1900-01-01 19:09:00,TENNESSEE,2014,April,Tornado,NWS Storm Survey,EF3,20.91,500.0
2014,4,28,1900-01-01 22:05:00,GEORGIA,2014,April,Tornado,NWS Storm Survey,EF1,3.39,100.0
2014,4,7,1900-01-01 01:25:00,MISSISSIPPI,2014,April,Tornado,NWS Storm Survey,EF0,0.48,100.0
2014,5,11,1900-01-01 20:54:00,KANSAS,2014,May,Tornado,Law Enforcement,EF0,0.68,50.0
2014,4,27,1900-01-01 15:40:00,IOWA,2014,April,Tornado,Trained Spotter,EF0,0.5,50.0
2014,6,21,1900-01-01 12:28:00,NEW MEXICO,2014,June,Tornado,NWS Employee,EF0,0.1,30.0
2014,4,20,1900-01-01 16:30:00,TEXAS,2014,April,Tornado,Storm Chaser,EF0,0.2,50.0
2014,4,13,1900-01-01 16:58:00,OKLAHOMA,2014,April,Tornado,Broadcast Media,EF0,0.37,50.0
2014,4,13,1900-01-01 17:05:00,OKLAHOMA,2014,April,Tornado,Storm Chaser,EF0,0.3,40.0
2014,5,21,1900-01-01 11:38:00,NEVADA,2014,May,Tornado,Public,EF0,0.23,25.0
2014,3,26,1900-01-01 16:45:00,CALIFORNIA,2014,March,Tornado,NWS Storm Survey,EF1,0.58,50.0
2014,3,26,1900-01-01 17:10:00,CALIFORNIA,2014,March,Tornado,NWS Storm Survey,EF0,4.02,20.0
2014,3,26,1900-01-01 16:24:00,CALIFORNIA,2014,March,Tornado,Broadcast Media,EF0,0.63,25.0
2014,6,5,1900-01-01 19:07:00,COLORADO,2014,June,Tornado,Law Enforcement,EF0,0.42,50.0
2014,5,15,1900-01-01 18:03:00,PENNSYLVANIA,2014,May,Tornado,NWS Storm Survey,EF0,0.32,100.0
2014,4,7,1900-01-01 16:23:00,FLORIDA,2014,April,Tornado,NWS Storm Survey,EF0,0.51,50.0
2014,4,13,1900-01-01 15:45:00,TEXAS,2014,April,Tornado,Law Enforcement,EF1,0.79,20.0
2014,5,21,1900-01-01 15:30:00,NEVADA,2014,May,Tornado,Public,EF0,0.24,50.0
2014,4,28,1900-01-01 14:56:00,ALABAMA,2014,April,Tornado,NWS Storm Survey,EF1,3.19,100.0
2014,4,28,1900-01-01 16:48:00,MISSISSIPPI,2014,April,Tornado,NWS Storm Survey,EF1,10.86,300.0
2014,7,13,1900-01-01 12:40:00,WYOMING,2014,July,Tornado,Trained Spotter,EF0,0.17,25.0
2014,5,25,1900-01-01 10:39:00,COLORADO,2014,May,Tornado,Public,EF0,0.08,25.0
2014,5,22,1900-01-01 11:45:00,COLORADO,2014,May,Tornado,NWS Employee,EF0,0.3,25.0
2014,4,3,1900-01-01 04:19:00,MISSOURI,2014,April,Tornado,NWS Storm Survey,EF1,0.63,100.0
2014,5,14,1900-01-01 23:03:00,GEORGIA,2014,May,Tornado,NWS Storm Survey,EF1,7.75,200.0
2014,6,4,1900-01-01 20:30:00,WEST VIRGINIA,2014,June,Tornado,NWS Storm Survey,EF1,0.51,400.0
2014,5,10,1900-01-01 16:17:00,MISSOURI,2014,May,Tornado,NWS Storm Survey,EF2,11.42,500.0
2014,6,16,1900-01-01 21:45:00,WISCONSIN,2014,June,Tornado,NWS Storm Survey,EF2,3.76,100.0
2014,4,13,1900-01-01 16:56:00,IOWA,2014,April,Tornado,NWS Storm Survey,EF0,1.3,25.0
2014,6,28,1900-01-01 14:22:00,OKLAHOMA,2014,June,Tornado,NWS Storm Survey,EF0,4.3,400.0
2014,4,7,1900-01-01 12:55:00,GEORGIA,2014,April,Tornado,NWS Storm Survey,EF1,1.93,165.0
2014,5,28,1900-01-01 11:47:00,ILLINOIS,2014,May,Tornado,Emergency Manager,EF0,0.2,50.0
2014,10,7,1900-01-01 14:39:00,KENTUCKY,2014,October,Tornado,NWS Storm Survey,EF1,8.43,150.0
2014,5,11,1900-01-01 16:04:00,NEBRASKA,2014,May,Tornado,Trained Spotter,EF0,0.61,25.0
2014,4,28,1900-01-01 15:47:00,ALABAMA,2014,April,Tornado,NWS Storm Survey,EF3,15.56,600.0
2014,7,13,1900-01-01 14:09:00,NEBRASKA,2014,July,Tornado,Law Enforcement,EF0,0.14,25.0
2014,5,7,1900-01-01 18:03:00,TEXAS,2014,May,Tornado,Trained Spotter,EF0,0.2,75.0
2014,5,31,1900-01-01 12:34:00,WYOMING,2014,May,Tornado,Trained Spotter,EF0,0.32,30.0
2014,4,27,1900-01-01 14:20:00,IOWA,2014,April,Tornado,NWS Storm Survey,EF1,2.65,150.0
2014,5,11,1900-01-01 17:01:00,NEBRASKA,2014,May,Tornado,Law Enforcement,EF1,4.71,700.0
2014,6,29,1900-01-01 18:28:00,IOWA,2014,June,Tornado,Storm Chaser,EF0,1.99,40.0
2014,6,29,1900-01-01 20:20:00,KANSAS,2014,June,Tornado,Public,EF0,1.63,30.0
2014,6,1,1900-01-01 17:12:00,KANSAS,2014,June,Tornado,Emergency Manager,EF0,0.01,25.0
2014,4,28,1900-01-01 05:46:00,TENNESSEE,2014,April,Tornado,NWS Storm Survey,EF0,1.54,75.0
2014,4,28,1900-01-01 16:50:00,ALABAMA,2014,April,Tornado,NWS Storm Survey,EF1,8.91,100.0
2014,4,28,1900-01-01 19:18:00,ALABAMA,2014,April,Tornado,NWS Storm Survey,EF0,1.73,50.0
2014,4,28,1900-01-01 20:39:00,ALABAMA,2014,April,Tornado,NWS Storm Survey,EF3,8.88,350.0
2014,4,13,1900-01-01 19:45:00,ARKANSAS,2014,April,Tornado,NWS Storm Survey,EF1,5.4,450.0
2014,5,14,1900-01-01 13:30:00,NEBRASKA,2014,May,Tornado,Trained Spotter,EF0,0.78,30.0
2014,6,6,1900-01-01 19:46:00,SOUTH CAROLINA,2014,June,Tornado,NWS Storm Survey,EF0,0.83,40.0
2014,4,7,1900-01-01 20:50:00,GEORGIA,2014,April,Tornado,NWS Storm Survey,EF0,0.94,150.0
2014,6,29,1900-01-01 19:25:00,IOWA,2014,June,Tornado,NWS Storm Survey,EF1,1.27,75.0
2014,4,28,1900-01-01 16:20:00,MISSISSIPPI,2014,April,Tornado,NWS Storm Survey,EF1,13.75,500.0
2014,4,3,1900-01-01 18:27:00,TEXAS,2014,April,Tornado,NWS Storm Survey,EF0,0.94,40.0
2014,5,26,1900-01-01 10:46:00,TEXAS,2014,May,Tornado,NWS Storm Survey,EF0,0.5,30.0
2014,4,3,1900-01-01 19:03:00,TEXAS,2014,April,Tornado,NWS Storm Survey,EF1,11.8,750.0
2014,4,3,1900-01-01 20:20:00,TEXAS,2014,April,Tornado,NWS Storm Survey,EF0,0.56,250.0
2014,4,28,1900-01-01 19:20:00,ALABAMA,2014,April,Tornado,NWS Storm Survey,EF1,4.34,100.0
2014,5,21,1900-01-01 11:48:00,NEVADA,2014,May,Tornado,Public,EF0,0.26,125.0
2014,6,18,1900-01-01 00:15:00,IOWA,2014,June,Tornado,Law Enforcement,EF0,0.2,50.0
2014,4,28,1900-01-01 18:00:00,GEORGIA,2014,April,Tornado,NWS Storm Survey,EF2,5.27,150.0
2014,4,28,1900-01-01 18:09:00,GEORGIA,2014,April,Tornado,NWS Storm Survey,EF0,0.43,50.0
2014,6,3,1900-01-01 22:24:00,KANSAS,2014,June,Tornado,NWS Storm Survey,EF1,2.62,200.0
2014,4,29,1900-01-01 00:28:00,ALABAMA,2014,April,Tornado,NWS Storm Survey,EF0,2.42,75.0
2014,5,26,1900-01-01 15:20:00,TEXAS,2014,May,Tornado,NWS Storm Survey,EF0,0.12,50.0
2014,6,29,1900-01-01 19:18:00,IOWA,2014,June,Tornado,Law Enforcement,EF1,1.9,50.0
2014,6,27,1900-01-01 13:18:00,COLORADO,2014,June,Tornado,Storm Chaser,EF0,2.14,100.0
2014,4,28,1900-01-01 16:10:00,TENNESSEE,2014,April,Tornado,NWS Storm Survey,EF2,9.84,150.0
2014,4,28,1900-01-01 17:09:00,TENNESSEE,2014,April,Tornado,NWS Storm Survey,EF2,9.53,250.0
2014,7,8,1900-01-01 17:15:00,PENNSYLVANIA,2014,July,Tornado,NWS Storm Survey,EF2,2.18,400.0
2014,4,28,1900-01-01 13:38:00,MISSISSIPPI,2014,April,Tornado,NWS Storm Survey,EF3,19.21,440.0
2014,4,28,1900-01-01 15:02:00,MISSISSIPPI,2014,April,Tornado,NWS Storm Survey,EF2,0.46,300.0
2014,7,6,1900-01-01 23:16:00,MICHIGAN,2014,July,Tornado,NWS Storm Survey,EF0,1.0,50.0
2014,5,11,1900-01-01 20:12:00,KANSAS,2014,May,Tornado,Amateur Radio,EF0,0.42,50.0
2014,5,11,1900-01-01 20:20:00,KANSAS,2014,May,Tornado,Trained Spotter,EF0,1.02,50.0
2014,5,26,1900-01-01 16:57:00,TEXAS,2014,May,Tornado,Trained Spotter,EF0,1.33,500.0
2014,4,28,1900-01-01 19:27:00,TENNESSEE,2014,April,Tornado,NWS Storm Survey,EF1,5.85,500.0
2014,4,28,1900-01-01 23:37:00,ALABAMA,2014,April,Tornado,NWS Storm Survey,EF2,9.2,600.0
2014,7,12,1900-01-01 13:45:00,COLORADO,2014,July,Tornado,Trained Spotter,EF0,0.53,50.0
2014,5,14,1900-01-01 14:28:00,ALABAMA,2014,May,Tornado,NWS Storm Survey,EF0,0.1,30.0
2014,5,11,1900-01-01 20:51:00,KANSAS,2014,May,Tornado,Storm Chaser,EF0,1.25,75.0
2014,4,29,1900-01-01 00:06:00,ALABAMA,2014,April,Tornado,NWS Storm Survey,EF2,11.71,200.0
2014,5,23,1900-01-01 12:35:00,WYOMING,2014,May,Tornado,Emergency Manager,EF0,2.0,40.0
2014,4,28,1900-01-01 15:03:00,MISSISSIPPI,2014,April,Tornado,NWS Storm Survey,EF2,0.55,600.0
2014,5,20,1900-01-01 16:25:00,NEBRASKA,2014,May,Tornado,Trained Spotter,EF0,0.68,25.0
2014,4,28,1900-01-01 17:27:00,MISSISSIPPI,2014,April,Tornado,NWS Storm Survey,EF1,0.98,200.0
2014,4,27,1900-01-01 16:17:00,NEBRASKA,2014,April,Tornado,Storm Chaser,EF0,0.4,45.0
2014,4,27,1900-01-01 15:40:00,NEBRASKA,2014,April,Tornado,Storm Chaser,EF0,0.07,45.0
2014,4,27,1900-01-01 13:26:00,NEBRASKA,2014,April,Tornado,NWS Employee,EF0,0.14,35.0
2014,5,10,1900-01-01 17:00:00,MISSOURI,2014,May,Tornado,NWS Storm Survey,EF0,0.64,25.0
2014,5,26,1900-01-01 17:47:00,TEXAS,2014,May,Tornado,Trained Spotter,EF0,0.22,40.0
2014,4,27,1900-01-01 19:38:00,ARKANSAS,2014,April,Tornado,NWS Storm Survey,EF0,1.64,250.0
2014,6,6,1900-01-01 13:35:00,ARKANSAS,2014,June,Tornado,NWS Storm Survey,EF1,3.26,75.0
2014,5,22,1900-01-01 16:45:00,VIRGINIA,2014,May,Tornado,NWS Storm Survey,EF0,0.69,25.0
2014,5,22,1900-01-01 17:20:00,VIRGINIA,2014,May,Tornado,NWS Storm Survey,EF0,1.38,100.0
2014,5,22,1900-01-01 17:05:00,VIRGINIA,2014,May,Tornado,Emergency Manager,EF0,0.85,50.0
2014,7,21,1900-01-01 19:52:00,MINNESOTA,2014,July,Tornado,NWS Storm Survey,EF2,25.1,800.0
2014,4,28,1900-01-01 23:15:00,ALABAMA,2014,April,Tornado,NWS Storm Survey,EF1,0.31,200.0
2014,4,27,1900-01-01 19:52:00,ARKANSAS,2014,April,Tornado,NWS Storm Survey,EF1,0.84,50.0
2014,5,8,1900-01-01 16:09:00,MINNESOTA,2014,May,Tornado,Trained Spotter,EF0,0.18,50.0
2014,5,22,1900-01-01 15:54:00,DELAWARE,2014,May,Tornado,NWS Storm Survey,EF1,0.35,50.0
2014,7,21,1900-01-01 20:22:00,MINNESOTA,2014,July,Tornado,NWS Storm Survey,EF2,12.82,800.0
2014,5,6,1900-01-01 13:07:00,WYOMING,2014,May,Tornado,Public,EF1,1.52,50.0
2014,4,27,1900-01-01 19:43:00,ARKANSAS,2014,April,Tornado,NWS Storm Survey,EF1,4.75,100.0
2014,4,27,1900-01-01 18:25:00,ARKANSAS,2014,April,Tornado,NWS Storm Survey,EF4,24.24,1320.0
2014,4,24,1900-01-01 14:59:00,NORTH CAROLINA,2014,April,Tornado,NWS Storm Survey,EF1,1.86,75.0
2014,6,23,1900-01-01 16:22:00,ILLINOIS,2014,June,Tornado,NWS Storm Survey,EF0,2.89,200.0
2014,6,23,1900-01-01 16:26:00,ILLINOIS,2014,June,Tornado,NWS Storm Survey,EF0,1.8,150.0
2014,5,8,1900-01-01 16:10:00,MINNESOTA,2014,May,Tornado,Trained Spotter,EF0,0.42,50.0
2014,5,11,1900-01-01 16:53:00,NEBRASKA,2014,May,Tornado,NWS Storm Survey,EF2,4.67,330.0
2014,7,27,1900-01-01 16:47:00,TENNESSEE,2014,July,Tornado,Public,EF0,7.1,300.0
2014,6,16,1900-01-01 20:33:00,IOWA,2014,June,Tornado,NWS Storm Survey,EF1,12.59,50.0
2014,5,27,1900-01-01 18:45:00,TEXAS,2014,May,Tornado,NWS Storm Survey,EF1,5.26,650.0
2014,7,14,1900-01-01 10:40:00,COLORADO,2014,July,Tornado,Emergency Manager,EF0,0.37,75.0
2014,5,11,1900-01-01 17:07:00,NEBRASKA,2014,May,Tornado,Emergency Manager,EF1,3.0,400.0
2014,6,16,1900-01-01 20:30:00,IOWA,2014,June,Tornado,NWS Storm Survey,EF1,1.31,50.0
2014,5,11,1900-01-01 17:20:00,NEBRASKA,2014,May,Tornado,Emergency Manager,EF1,5.27,280.0
2014,5,11,1900-01-01 16:08:00,NEBRASKA,2014,May,Tornado,Law Enforcement,EF3,14.13,2540.0
2014,6,7,1900-01-01 14:00:00,MISSOURI,2014,June,Tornado,NWS Storm Survey,EF1,3.41,200.0
2014,4,25,1900-01-01 16:18:00,NORTH CAROLINA,2014,April,Tornado,Trained Spotter,EF0,0.01,20.0
2014,5,8,1900-01-01 14:15:00,TEXAS,2014,May,Tornado,NWS Storm Survey,EF0,0.46,120.0
2014,5,11,1900-01-01 17:11:00,NEBRASKA,2014,May,Tornado,Emergency Manager,EF2,2.5,300.0
2014,5,15,1900-01-01 13:29:00,FLORIDA,2014,May,Tornado,NWS Storm Survey,EF0,0.27,30.0
2014,6,4,1900-01-01 17:32:00,KENTUCKY,2014,June,Tornado,NWS Storm Survey,EF1,0.65,75.0
2014,5,14,1900-01-01 13:18:00,ALABAMA,2014,May,Tornado,NWS Storm Survey,EF0,0.87,200.0
2014,6,22,1900-01-01 20:53:00,TEXAS,2014,June,Tornado,NWS Storm Survey,EF1,0.86,100.0
2014,4,25,1900-01-01 19:28:00,NORTH CAROLINA,2014,April,Tornado,NWS Storm Survey,EF0,0.83,30.0
2014,5,30,1900-01-01 15:38:00,FLORIDA,2014,May,Tornado,Emergency Manager,EF0,0.25,10.0
2014,6,17,1900-01-01 13:27:00,MONTANA,2014,June,Tornado,NWS Storm Survey,EF3,10.0,880.0
2014,4,28,1900-01-01 16:38:00,ALABAMA,2014,April,Tornado,NWS Storm Survey,EF0,7.72,100.0
2014,5,14,1900-01-01 13:21:00,ALABAMA,2014,May,Tornado,NWS Storm Survey,EF0,1.89,150.0
2014,6,7,1900-01-01 13:48:00,KENTUCKY,2014,June,Tornado,NWS Storm Survey,EF1,3.02,200.0
2014,4,25,1900-01-01 18:20:00,NORTH CAROLINA,2014,April,Tornado,NWS Storm Survey,EF2,2.0,100.0
2014,4,25,1900-01-01 18:22:00,NORTH CAROLINA,2014,April,Tornado,NWS Storm Survey,EF2,9.03,400.0
2014,4,25,1900-01-01 18:32:00,NORTH CAROLINA,2014,April,Tornado,NWS Storm Survey,EF2,14.29,400.0
2014,4,25,1900-01-01 18:50:00,NORTH CAROLINA,2014,April,Tornado,NWS Storm Survey,EF1,6.21,200.0
2014,4,25,1900-01-01 19:00:00,NORTH CAROLINA,2014,April,Tornado,NWS Storm Survey,EF2,10.14,400.0
2014,4,25,1900-01-01 18:41:00,NORTH CAROLINA,2014,April,Tornado,NWS Storm Survey,EF2,14.35,400.0
2014,5,26,1900-01-01 17:46:00,NORTH DAKOTA,2014,May,Tornado,NWS Storm Survey,EF2,0.46,100.0
2014,5,27,1900-01-01 11:38:00,OKLAHOMA,2014,May,Tornado,Emergency Manager,EF0,0.3,50.0
2014,6,10,1900-01-01 16:06:00,TENNESSEE,2014,June,Tornado,NWS Storm Survey,EF0,0.5,100.0
2014,6,30,1900-01-01 13:27:00,IOWA,2014,June,Tornado,NWS Storm Survey,EF1,0.43,75.0
2014,5,28,1900-01-01 12:40:00,ILLINOIS,2014,May,Tornado,Emergency Manager,EF0,0.61,100.0
2014,5,6,1900-01-01 13:05:00,WYOMING,2014,May,Tornado,Trained Spotter,EF0,4.79,30.0
2014,4,29,1900-01-01 14:52:00,NORTH CAROLINA,2014,April,Tornado,NWS Storm Survey,EF1,1.72,200.0
2014,4,25,1900-01-01 19:00:00,NORTH CAROLINA,2014,April,Tornado,NWS Storm Survey,EF2,8.83,400.0
2014,6,25,1900-01-01 14:00:00,WISCONSIN,2014,June,Tornado,Law Enforcement,EF0,0.33,30.0
2014,6,29,1900-01-01 19:08:00,IOWA,2014,June,Tornado,Storm Chaser,EF0,0.5,50.0
2014,5,27,1900-01-01 17:30:00,TEXAS,2014,May,Tornado,NWS Storm Survey,EF1,2.34,550.0
2014,5,27,1900-01-01 12:55:00,OKLAHOMA,2014,May,Tornado,Public,EF0,0.1,30.0
2014,7,27,1900-01-01 16:45:00,TENNESSEE,2014,July,Tornado,NWS Storm Survey,EF1,0.5,50.0
2014,4,25,1900-01-01 15:38:00,NORTH CAROLINA,2014,April,Tornado,NWS Storm Survey,EF0,0.27,50.0
2014,4,25,1900-01-01 18:22:00,NORTH CAROLINA,2014,April,Tornado,NWS Storm Survey,EF2,1.13,75.0
2014,4,29,1900-01-01 17:09:00,NORTH CAROLINA,2014,April,Tornado,NWS Storm Survey,EF0,4.15,100.0
2014,6,4,1900-01-01 17:16:00,KENTUCKY,2014,June,Tornado,NWS Storm Survey,EF1,1.14,100.0
2014,2,20,1900-01-01 16:41:00,MISSOURI,2014,February,Tornado,NWS Storm Survey,EF1,0.04,25.0
2014,4,28,1900-01-01 22:05:00,TENNESSEE,2014,April,Tornado,NWS Storm Survey,EF1,0.56,100.0
2014,4,28,1900-01-01 19:40:00,ALABAMA,2014,April,Tornado,NWS Storm Survey,EF1,2.39,150.0
2014,4,27,1900-01-01 16:29:00,OKLAHOMA,2014,April,Tornado,NWS Storm Survey,EF2,7.1,325.0
2014,5,7,1900-01-01 14:08:00,WYOMING,2014,May,Tornado,Public,EF0,0.53,30.0
2014,7,8,1900-01-01 19:40:00,NEW YORK,2014,July,Tornado,NWS Storm Survey,EF0,1.09,100.0
2014,4,29,1900-01-01 19:10:00,NORTH CAROLINA,2014,April,Tornado,NWS Storm Survey,EF1,0.81,100.0
2014,5,14,1900-01-01 15:36:00,KENTUCKY,2014,May,Tornado,NWS Storm Survey,EF2,3.74,150.0
2014,5,25,1900-01-01 12:45:00,TEXAS,2014,May,Tornado,Public,EF0,1.16,200.0
2014,7,6,1900-01-01 13:42:00,FLORIDA,2014,July,Tornado,NWS Storm Survey,EF0,0.09,35.0
2014,5,30,1900-01-01 16:30:00,SOUTH DAKOTA,2014,May,Tornado,Emergency Manager,EF0,3.65,50.0
2014,5,30,1900-01-01 16:44:00,SOUTH DAKOTA,2014,May,Tornado,Public,EF0,1.77,50.0
2014,6,8,1900-01-01 19:41:00,WEST VIRGINIA,2014,June,Tornado,NWS Storm Survey,EF1,1.0,100.0
2014,7,27,1900-01-01 16:58:00,TENNESSEE,2014,July,Tornado,NWS Storm Survey,EF3,2.85,800.0
2014,4,27,1900-01-01 18:06:00,ARKANSAS,2014,April,Tornado,NWS Storm Survey,EF3,14.43,1320.0
2014,5,8,1900-01-01 12:45:00,MISSOURI,2014,May,Tornado,NWS Storm Survey,EF0,2.39,50.0
2014,5,8,1900-01-01 16:10:00,MISSOURI,2014,May,Tornado,NWS Storm Survey,EF1,2.5,100.0
2014,6,17,1900-01-01 20:10:00,NEBRASKA,2014,June,Tornado,NWS Storm Survey,EF0,1.29,100.0
2014,6,4,1900-01-01 10:55:00,OHIO,2014,June,Tornado,NWS Storm Survey,EF0,1.24,300.0
2014,6,4,1900-01-01 14:40:00,OHIO,2014,June,Tornado,NWS Storm Survey,EF0,4.11,200.0
2014,7,12,1900-01-01 12:20:00,FLORIDA,2014,July,Tornado,Emergency Manager,EF0,0.08,15.0
2014,7,24,1900-01-01 16:59:00,FLORIDA,2014,July,Tornado,Public,EF0,0.25,15.0
2014,5,14,1900-01-01 13:23:00,KENTUCKY,2014,May,Tornado,NWS Storm Survey,EF0,1.5,50.0
2014,7,21,1900-01-01 18:47:00,NORTH DAKOTA,2014,July,Tornado,Trained Spotter,EF0,0.01,20.0
2014,7,21,1900-01-01 18:41:00,NORTH DAKOTA,2014,July,Tornado,Trained Spotter,EF0,4.67,100.0
2014,5,28,1900-01-01 04:32:00,LOUISIANA,2014,May,Tornado,NWS Storm Survey,EF1,2.55,75.0
2014,5,21,1900-01-01 18:15:00,WYOMING,2014,May,Tornado,Trained Spotter,EF0,0.94,25.0
2014,6,9,1900-01-01 19:30:00,ALABAMA,2014,June,Tornado,NWS Storm Survey,EF1,2.8,150.0
2014,6,9,1900-01-01 19:32:00,ALABAMA,2014,June,Tornado,NWS Storm Survey,EF0,3.06,50.0
2014,5,18,1900-01-01 16:50:00,MONTANA,2014,May,Tornado,Trained Spotter,EF0,0.1,25.0
2014,5,27,1900-01-01 12:17:00,SOUTH DAKOTA,2014,May,Tornado,NWS Storm Survey,EF1,2.16,300.0
2014,7,25,1900-01-01 15:24:00,FLORIDA,2014,July,Tornado,NWS Storm Survey,EF1,1.69,75.0
2014,6,29,1900-01-01 21:36:00,IOWA,2014,June,Tornado,Public,EF0,0.1,25.0
2014,6,29,1900-01-01 23:30:00,ILLINOIS,2014,June,Tornado,NWS Storm Survey,EF1,2.24,600.0
2014,6,6,1900-01-01 12:55:00,NEBRASKA,2014,June,Tornado,Law Enforcement,EF0,0.91,25.0
2014,6,8,1900-01-01 12:00:00,WYOMING,2014,June,Tornado,NWS Storm Survey,EF0,0.54,25.0
2014,5,31,1900-01-01 09:30:00,SOUTH CAROLINA,2014,May,Tornado,Public,EF0,0.11,30.0
2014,5,10,1900-01-01 18:26:00,MISSOURI,2014,May,Tornado,NWS Storm Survey,EF1,7.27,1350.0
2014,4,27,1900-01-01 19:16:00,ARKANSAS,2014,April,Tornado,NWS Storm Survey,EF2,7.32,880.0
2014,4,25,1900-01-01 18:37:00,NORTH CAROLINA,2014,April,Tornado,NWS Storm Survey,EF2,3.48,400.0
2014,4,25,1900-01-01 19:15:00,NORTH CAROLINA,2014,April,Tornado,NWS Storm Survey,EF2,8.82,400.0
2014,6,8,1900-01-01 11:59:00,COLORADO,2014,June,Tornado,Trained Spotter,EF1,0.33,75.0
2014,6,8,1900-01-01 00:59:00,GEORGIA,2014,June,Tornado,NWS Storm Survey,EF0,1.8,280.0
2014,5,26,1900-01-01 12:50:00,MAINE,2014,May,Tornado,NWS Storm Survey,EF0,0.23,180.0
2014,7,21,1900-01-01 18:35:00,NORTH DAKOTA,2014,July,Tornado,Trained Spotter,EF0,4.41,100.0
2014,6,3,1900-01-01 11:07:00,WYOMING,2014,June,Tornado,Public,EF0,2.21,30.0
2014,6,4,1900-01-01 17:30:00,KENTUCKY,2014,June,Tornado,NWS Storm Survey,EF1,0.43,75.0
2014,5,21,1900-01-01 13:45:00,COLORADO,2014,May,Tornado,County Official,EF0,0.1,50.0
2014,4,28,1900-01-01 11:36:00,TENNESSEE,2014,April,Tornado,Emergency Manager,EF1,2.05,100.0
2014,6,6,1900-01-01 12:51:00,COLORADO,2014,June,Tornado,Law Enforcement,EF1,8.58,400.0
2014,6,6,1900-01-01 13:46:00,COLORADO,2014,June,Tornado,Storm Chaser,EF1,1.35,100.0
2014,4,28,1900-01-01 18:35:00,ALABAMA,2014,April,Tornado,NWS Storm Survey,EF1,2.08,350.0
2014,5,21,1900-01-01 13:05:00,COLORADO,2014,May,Tornado,Trained Spotter,EF0,0.1,50.0
2014,5,8,1900-01-01 15:51:00,MINNESOTA,2014,May,Tornado,Storm Chaser,EF0,0.83,50.0
2014,4,28,1900-01-01 23:32:00,ALABAMA,2014,April,Tornado,NWS Storm Survey,EF3,2.53,600.0
2014,5,11,1900-01-01 14:26:00,NEBRASKA,2014,May,Tornado,Public,EF0,0.07,150.0
2014,5,11,1900-01-01 14:50:00,NEBRASKA,2014,May,Tornado,NWS Storm Survey,EF3,18.6,1300.0
2014,5,11,1900-01-01 15:25:00,NEBRASKA,2014,May,Tornado,NWS Storm Survey,EF3,1.61,1300.0
2014,5,11,1900-01-01 15:25:00,NEBRASKA,2014,May,Tornado,NWS Storm Survey,EF0,0.04,100.0
2014,5,11,1900-01-01 15:25:00,NEBRASKA,2014,May,Tornado,NWS Storm Survey,EF2,9.38,750.0
2014,6,17,1900-01-01 19:39:00,NEBRASKA,2014,June,Tornado,NWS Employee,EF0,0.2,20.0
2014,4,28,1900-01-01 17:27:00,MISSISSIPPI,2014,April,Tornado,NWS Storm Survey,EF3,28.59,400.0
2014,7,7,1900-01-01 17:46:00,WISCONSIN,2014,July,Tornado,NWS Storm Survey,EF0,1.29,50.0
2014,6,18,1900-01-01 17:45:00,SOUTH DAKOTA,2014,June,Tornado,Storm Chaser,EF0,0.65,250.0
2014,6,30,1900-01-01 16:20:00,COLORADO,2014,June,Tornado,Emergency Manager,EF0,0.27,50.0
2014,4,28,1900-01-01 20:30:00,ALABAMA,2014,April,Tornado,NWS Storm Survey,EF1,1.03,150.0
2014,6,16,1900-01-01 15:58:00,NEBRASKA,2014,June,Tornado,NWS Storm Survey,EF1,6.05,100.0
2014,6,30,1900-01-01 17:43:00,MISSOURI,2014,June,Tornado,Emergency Manager,EF0,0.22,50.0
2014,6,29,1900-01-01 20:12:00,MISSOURI,2014,June,Tornado,Trained Spotter,EF0,0.25,25.0
2014,6,18,1900-01-01 18:00:00,SOUTH DAKOTA,2014,June,Tornado,Public,EF0,0.21,75.0
2014,7,6,1900-01-01 19:02:00,MICHIGAN,2014,July,Tornado,NWS Storm Survey,EF0,3.5,100.0
2014,7,6,1900-01-01 20:18:00,MICHIGAN,2014,July,Tornado,NWS Storm Survey,EF0,2.15,100.0
2014,4,28,1900-01-01 21:55:00,ALABAMA,2014,April,Tornado,NWS Storm Survey,EF1,2.96,675.0
2014,6,7,1900-01-01 14:23:00,TENNESSEE,2014,June,Tornado,NWS Storm Survey,EF1,7.01,200.0
2014,4,29,1900-01-01 00:17:00,ALABAMA,2014,April,Tornado,NWS Storm Survey,EF1,6.28,200.0
2014,6,18,1900-01-01 18:00:00,SOUTH DAKOTA,2014,June,Tornado,Airplane Pilot,EF0,1.17,75.0
2014,6,5,1900-01-01 13:51:00,NEBRASKA,2014,June,Tornado,Emergency Manager,EF1,1.49,100.0
2014,5,21,1900-01-01 16:06:00,COLORADO,2014,May,Tornado,Trained Spotter,EF0,0.1,50.0
2014,6,17,1900-01-01 18:00:00,NEBRASKA,2014,June,Tornado,Public,EF0,0.66,40.0
2014,5,11,1900-01-01 15:40:00,NEBRASKA,2014,May,Tornado,NWS Storm Survey,EF1,6.14,150.0
2014,5,11,1900-01-01 15:57:00,NEBRASKA,2014,May,Tornado,NWS Storm Survey,EF3,1.2,2640.0
2014,5,11,1900-01-01 16:58:00,NEBRASKA,2014,May,Tornado,NWS Storm Survey,EF1,0.84,700.0
2014,7,27,1900-01-01 14:29:00,OHIO,2014,July,Tornado,NWS Storm Survey,EF0,0.07,50.0
2014,4,28,1900-01-01 20:59:00,ALABAMA,2014,April,Tornado,NWS Storm Survey,EF1,12.47,1500.0
2014,6,6,1900-01-01 14:00:00,ARKANSAS,2014,June,Tornado,NWS Storm Survey,EF1,2.03,50.0
2014,6,27,1900-01-01 10:24:00,TEXAS,2014,June,Tornado,Emergency Manager,EF0,0.03,25.0
2014,7,4,1900-01-01 19:00:00,NEW HAMPSHIRE,2014,July,Tornado,Public,EF0,0.36,10.0
2014,7,27,1900-01-01 18:14:00,WEST VIRGINIA,2014,July,Tornado,NWS Storm Survey,EF1,1.76,200.0
2014,4,28,1900-01-01 17:22:00,ALABAMA,2014,April,Tornado,NWS Storm Survey,EF1,8.08,500.0
2014,5,11,1900-01-01 16:00:00,NEBRASKA,2014,May,Tornado,NWS Storm Survey,EF3,3.81,2640.0
2014,6,3,1900-01-01 21:33:00,NEBRASKA,2014,June,Tornado,NWS Storm Survey,EF1,4.12,700.0
2014,8,12,1900-01-01 10:15:00,OHIO,2014,August,Tornado,Public,EF0,0.09,20.0
2014,4,28,1900-01-01 21:00:00,ALABAMA,2014,April,Tornado,NWS Storm Survey,EF1,7.15,800.0
2014,7,27,1900-01-01 18:17:00,WEST VIRGINIA,2014,July,Tornado,NWS Storm Survey,EF1,2.34,200.0
2014,4,29,1900-01-01 02:25:00,ALABAMA,2014,April,Tornado,NWS Storm Survey,EF0,1.74,75.0
2014,8,13,1900-01-01 17:30:00,WASHINGTON,2014,August,Tornado,Trained Spotter,EF0,0.25,15.0
2014,6,22,1900-01-01 16:42:00,OKLAHOMA,2014,June,Tornado,NWS Storm Survey,EF0,2.01,100.0
2014,6,16,1900-01-01 16:44:00,IOWA,2014,June,Tornado,Trained Spotter,EF0,2.64,250.0
2014,6,1,1900-01-01 16:43:00,KANSAS,2014,June,Tornado,NWS Storm Survey,EF0,0.09,50.0
2014,6,16,1900-01-01 23:21:00,WISCONSIN,2014,June,Tornado,Trained Spotter,EF1,1.49,300.0
2014,6,16,1900-01-01 23:08:00,WISCONSIN,2014,June,Tornado,NWS Storm Survey,EF3,0.96,100.0
2014,6,16,1900-01-01 23:15:00,WISCONSIN,2014,June,Tornado,NWS Storm Survey,EF2,0.22,200.0
2014,5,21,1900-01-01 15:20:00,COLORADO,2014,May,Tornado,Trained Spotter,EF0,0.1,50.0
2014,7,27,1900-01-01 19:50:00,WEST VIRGINIA,2014,July,Tornado,NWS Storm Survey,EF1,1.07,50.0
2014,4,29,1900-01-01 02:56:00,ALABAMA,2014,April,Tornado,NWS Storm Survey,EF1,0.31,400.0
2014,4,28,1900-01-01 17:54:00,ALABAMA,2014,April,Tornado,NWS Storm Survey,EF2,6.21,500.0
2014,6,11,1900-01-01 18:58:00,KANSAS,2014,June,Tornado,Emergency Manager,EF1,0.1,25.0
2014,6,16,1900-01-01 16:49:00,IOWA,2014,June,Tornado,Trained Spotter,EF0,3.45,250.0
2014,6,16,1900-01-01 14:38:00,NEBRASKA,2014,June,Tornado,Storm Chaser,EF0,1.25,100.0
2014,7,27,1900-01-01 18:05:00,WISCONSIN,2014,July,Tornado,Public,EF0,0.01,10.0
2014,6,19,1900-01-01 14:04:00,IOWA,2014,June,Tornado,Emergency Manager,EF1,15.69,75.0
2014,4,28,1900-01-01 21:13:00,ALABAMA,2014,April,Tornado,NWS Storm Survey,EF2,5.46,1800.0
2014,5,26,1900-01-01 16:52:00,TEXAS,2014,May,Tornado,NWS Employee,EF0,2.05,30.0
2014,6,16,1900-01-01 17:24:00,NEBRASKA,2014,June,Tornado,NWS Storm Survey,EF0,0.2,40.0
2014,6,16,1900-01-01 17:35:00,NEBRASKA,2014,June,Tornado,NWS Storm Survey,EF1,2.4,400.0
2014,4,28,1900-01-01 21:17:00,ALABAMA,2014,April,Tornado,NWS Storm Survey,EF0,1.63,700.0
2014,6,22,1900-01-01 17:03:00,OKLAHOMA,2014,June,Tornado,NWS Storm Survey,EF1,3.77,150.0
2014,6,22,1900-01-01 17:31:00,OKLAHOMA,2014,June,Tornado,NWS Storm Survey,EF0,0.44,50.0
2014,5,11,1900-01-01 17:12:00,KANSAS,2014,May,Tornado,Storm Chaser,EF1,3.3,150.0
2014,5,11,1900-01-01 17:44:00,KANSAS,2014,May,Tornado,Trained Spotter,EF0,0.75,25.0
2014,5,11,1900-01-01 19:44:00,KANSAS,2014,May,Tornado,Storm Chaser,EF0,3.43,50.0
2014,5,11,1900-01-01 20:03:00,KANSAS,2014,May,Tornado,Storm Chaser,EF0,4.6,50.0
2014,6,16,1900-01-01 17:48:00,IOWA,2014,June,Tornado,Emergency Manager,EF1,3.03,110.0
2014,7,6,1900-01-01 19:56:00,IOWA,2014,July,Tornado,Emergency Manager,EF0,0.1,10.0
2014,4,28,1900-01-01 22:01:00,ALABAMA,2014,April,Tornado,NWS Storm Survey,EF0,1.5,200.0
2014,5,11,1900-01-01 15:24:00,IOWA,2014,May,Tornado,NWS Storm Survey,EF0,0.1,30.0
2014,6,7,1900-01-01 14:56:00,MISSOURI,2014,June,Tornado,NWS Storm Survey,EF0,2.67,20.0
2014,6,16,1900-01-01 18:01:00,NEBRASKA,2014,June,Tornado,NWS Storm Survey,EF2,5.19,500.0
2014,6,11,1900-01-01 16:55:00,MICHIGAN,2014,June,Tornado,NWS Storm Survey,EF1,5.3,300.0
2014,6,16,1900-01-01 21:49:00,WISCONSIN,2014,June,Tornado,NWS Storm Survey,EF1,0.49,25.0
2014,6,6,1900-01-01 18:15:00,TEXAS,2014,June,Tornado,NWS Storm Survey,EF0,2.46,25.0
2014,9,17,1900-01-01 14:38:00,ARKANSAS,2014,September,Tornado,NWS Storm Survey,EF0,2.32,250.0
2014,4,28,1900-01-01 22:00:00,ALABAMA,2014,April,Tornado,NWS Storm Survey,EF1,7.62,913.0
2014,4,28,1900-01-01 23:24:00,ALABAMA,2014,April,Tornado,NWS Storm Survey,EF0,0.34,500.0
2014,6,16,1900-01-01 18:28:00,NEBRASKA,2014,June,Tornado,NWS Storm Survey,EF2,0.3,400.0
2014,6,16,1900-01-01 18:20:00,NEBRASKA,2014,June,Tornado,NWS Storm Survey,EF2,1.56,700.0
2014,4,29,1900-01-01 02:57:00,ALABAMA,2014,April,Tornado,NWS Storm Survey,EF3,11.14,1200.0
2014,4,28,1900-01-01 18:38:00,ALABAMA,2014,April,Tornado,NWS Storm Survey,EF1,4.89,200.0
2014,4,28,1900-01-01 14:51:00,MISSISSIPPI,2014,April,Tornado,NWS Storm Survey,EF2,7.37,880.0
2014,6,6,1900-01-01 18:52:00,TEXAS,2014,June,Tornado,NWS Storm Survey,EF0,1.65,70.0
2014,6,16,1900-01-01 17:52:00,IOWA,2014,June,Tornado,Emergency Manager,EF0,0.4,100.0
2014,6,16,1900-01-01 17:53:00,IOWA,2014,June,Tornado,Emergency Manager,EF1,2.17,175.0
2014,6,3,1900-01-01 16:02:00,IOWA,2014,June,Tornado,NWS Storm Survey,EF2,2.81,680.0
2014,6,1,1900-01-01 11:42:00,IOWA,2014,June,Tornado,Law Enforcement,EF0,1.08,25.0
2014,6,16,1900-01-01 18:30:00,NEBRASKA,2014,June,Tornado,NWS Storm Survey,EF0,0.2,40.0
2014,7,16,1900-01-01 18:26:00,TEXAS,2014,July,Tornado,NWS Storm Survey,EF0,1.34,100.0
2014,7,16,1900-01-01 18:08:00,TEXAS,2014,July,Tornado,Trained Spotter,EF0,0.01,50.0
2014,6,30,1900-01-01 17:46:00,MISSOURI,2014,June,Tornado,Emergency Manager,EF1,1.93,300.0
2014,6,30,1900-01-01 15:40:00,MISSOURI,2014,June,Tornado,Storm Chaser,EF0,3.52,200.0
2014,6,30,1900-01-01 18:53:00,MISSOURI,2014,June,Tornado,Storm Chaser,EF0,2.99,200.0
2014,6,29,1900-01-01 20:55:00,MISSOURI,2014,June,Tornado,Emergency Manager,EF1,6.31,300.0
2014,6,16,1900-01-01 17:56:00,IOWA,2014,June,Tornado,Emergency Manager,EF0,1.1,40.0
2014,6,24,1900-01-01 13:32:00,INDIANA,2014,June,Tornado,NWS Storm Survey,EF1,1.56,75.0
2014,7,8,1900-01-01 14:55:00,WEST VIRGINIA,2014,July,Tornado,NWS Storm Survey,EF1,4.41,150.0
2014,4,28,1900-01-01 22:16:00,ALABAMA,2014,April,Tornado,NWS Storm Survey,EF2,5.14,600.0
2014,6,18,1900-01-01 18:43:00,SOUTH DAKOTA,2014,June,Tornado,NWS Storm Survey,EF4,11.26,880.0
2014,6,18,1900-01-01 18:01:00,SOUTH DAKOTA,2014,June,Tornado,NWS Storm Survey,EF1,6.83,150.0
2014,6,11,1900-01-01 14:54:00,KANSAS,2014,June,Tornado,Trained Spotter,EF0,0.1,10.0
2014,6,16,1900-01-01 14:43:00,IOWA,2014,June,Tornado,Law Enforcement,EF0,0.2,50.0
2014,6,29,1900-01-01 23:45:00,MISSOURI,2014,June,Tornado,Emergency Manager,EF1,4.74,300.0
2014,6,30,1900-01-01 20:34:00,MISSOURI,2014,June,Tornado,NWS Storm Survey,EF1,0.8,200.0
2014,6,16,1900-01-01 18:39:00,IOWA,2014,June,Tornado,NWS Storm Survey,EF1,4.71,100.0
2014,6,14,1900-01-01 16:27:00,KANSAS,2014,June,Tornado,NWS Storm Survey,EF1,0.78,110.0
2014,9,17,1900-01-01 14:43:00,ARKANSAS,2014,September,Tornado,NWS Storm Survey,EF0,0.41,250.0
2014,6,16,1900-01-01 16:41:00,NEBRASKA,2014,June,Tornado,Storm Chaser,EF0,0.26,50.0
2014,4,28,1900-01-01 23:25:00,ALABAMA,2014,April,Tornado,NWS Storm Survey,EF2,14.26,1300.0
2014,6,18,1900-01-01 18:45:00,SOUTH DAKOTA,2014,June,Tornado,NWS Storm Survey,EF2,1.09,100.0
2014,6,18,1900-01-01 17:58:00,SOUTH DAKOTA,2014,June,Tornado,NWS Storm Survey,EF1,0.67,50.0
2014,4,28,1900-01-01 15:05:00,MISSISSIPPI,2014,April,Tornado,NWS Storm Survey,EF4,25.01,1320.0
2014,4,2,1900-01-01 17:55:00,KANSAS,2014,April,Tornado,Storm Chaser,EF0,0.26,40.0
2014,6,16,1900-01-01 21:05:00,IOWA,2014,June,Tornado,Emergency Manager,EF0,0.07,30.0
2014,5,8,1900-01-01 14:10:00,COLORADO,2014,May,Tornado,Trained Spotter,EF0,0.1,50.0
2014,6,6,1900-01-01 11:05:00,NEBRASKA,2014,June,Tornado,Fire Department/Rescue,EF0,0.2,40.0
2014,4,28,1900-01-01 22:22:00,ALABAMA,2014,April,Tornado,NWS Storm Survey,EF1,7.81,1000.0
2014,6,6,1900-01-01 13:00:00,NEBRASKA,2014,June,Tornado,NWS Storm Survey,EF0,0.2,40.0
2014,6,18,1900-01-01 18:08:00,SOUTH DAKOTA,2014,June,Tornado,NWS Storm Survey,EF2,0.77,100.0
2014,6,18,1900-01-01 19:20:00,SOUTH DAKOTA,2014,June,Tornado,NWS Storm Survey,EF0,0.24,100.0
2014,6,17,1900-01-01 16:40:00,NEBRASKA,2014,June,Tornado,Trained Spotter,EF0,0.2,40.0
2014,6,17,1900-01-01 16:40:00,NEBRASKA,2014,June,Tornado,Public,EF0,0.37,40.0
2014,6,17,1900-01-01 17:28:00,NEBRASKA,2014,June,Tornado,Public,EF0,0.73,40.0
2014,6,17,1900-01-01 19:07:00,NEBRASKA,2014,June,Tornado,Trained Spotter,EF0,1.7,40.0
2014,6,16,1900-01-01 18:45:00,IOWA,2014,June,Tornado,NWS Storm Survey,EF0,1.72,150.0
2014,6,16,1900-01-01 18:52:00,IOWA,2014,June,Tornado,NWS Storm Survey,EF1,2.12,120.0
2014,5,21,1900-01-01 13:30:00,COLORADO,2014,May,Tornado,Trained Spotter,EF0,0.1,50.0
2014,5,8,1900-01-01 14:27:00,COLORADO,2014,May,Tornado,Law Enforcement,EF0,0.1,50.0
2014,6,2,1900-01-01 20:15:00,KENTUCKY,2014,June,Tornado,NWS Storm Survey,EF1,1.53,150.0
2014,6,22,1900-01-01 17:57:00,TEXAS,2014,June,Tornado,NWS Storm Survey,EF0,2.0,50.0
2014,6,22,1900-01-01 18:22:00,TEXAS,2014,June,Tornado,NWS Storm Survey,EF0,1.0,75.0
2014,2,20,1900-01-01 14:48:00,ILLINOIS,2014,February,Tornado,Storm Chaser,EF0,0.27,25.0
2014,2,20,1900-01-01 16:40:00,ILLINOIS,2014,February,Tornado,NWS Storm Survey,EF0,0.28,50.0
2014,2,20,1900-01-01 14:59:00,ILLINOIS,2014,February,Tornado,NWS Storm Survey,EF0,0.92,25.0
2014,2,20,1900-01-01 18:42:00,KENTUCKY,2014,February,Tornado,NWS Storm Survey,EF0,6.22,125.0
2014,2,20,1900-01-01 19:12:00,KENTUCKY,2014,February,Tornado,NWS Storm Survey,EF0,1.59,125.0
2014,3,27,1900-01-01 15:41:00,IOWA,2014,March,Tornado,Amateur Radio,EF0,0.73,75.0
2014,2,20,1900-01-01 19:11:00,MISSISSIPPI,2014,February,Tornado,NWS Storm Survey,EF0,0.45,40.0
2014,2,20,1900-01-01 14:52:00,ILLINOIS,2014,February,Tornado,NWS Storm Survey,EF0,7.25,50.0
2014,2,21,1900-01-01 08:21:00,GEORGIA,2014,February,Tornado,NWS Storm Survey,EF2,14.06,200.0
2014,2,21,1900-01-01 08:38:00,GEORGIA,2014,February,Tornado,NWS Storm Survey,EF1,3.41,200.0
2014,2,20,1900-01-01 17:43:00,ILLINOIS,2014,February,Tornado,NWS Storm Survey,EF0,3.0,75.0
2014,1,11,1900-01-01 15:32:00,VIRGINIA,2014,January,Tornado,NWS Storm Survey,EF0,1.36,100.0
2014,1,11,1900-01-01 15:32:00,VIRGINIA,2014,January,Tornado,NWS Storm Survey,EF0,1.95,50.0
2014,1,11,1900-01-01 15:50:00,VIRGINIA,2014,January,Tornado,NWS Storm Survey,EF0,1.08,75.0
2014,2,20,1900-01-01 22:29:00,TENNESSEE,2014,February,Tornado,NWS Storm Survey,EF1,1.21,250.0
2014,2,28,1900-01-01 18:17:00,CALIFORNIA,2014,February,Tornado,Public,EF0,0.74,50.0
2014,5,11,1900-01-01 20:43:00,IOWA,2014,May,Tornado,NWS Storm Survey,EF2,10.35,240.0
2014,5,11,1900-01-01 20:56:00,IOWA,2014,May,Tornado,NWS Storm Survey,EF1,4.33,190.0
2014,5,11,1900-01-01 21:21:00,IOWA,2014,May,Tornado,NWS Storm Survey,EF0,5.91,100.0
2014,5,11,1900-01-01 21:44:00,IOWA,2014,May,Tornado,NWS Storm Survey,EF0,1.68,100.0
2014,2,20,1900-01-01 16:40:00,ILLINOIS,2014,February,Tornado,NWS Storm Survey,EF1,0.39,50.0
2014,3,29,1900-01-01 13:20:00,FLORIDA,2014,March,Tornado,NWS Storm Survey,EF0,2.43,100.0
2014,6,16,1900-01-01 17:22:00,IOWA,2014,June,Tornado,Storm Chaser,EF0,4.61,50.0
2014,7,6,1900-01-01 17:03:00,IOWA,2014,July,Tornado,Public,EF0,0.55,25.0
2014,7,8,1900-01-01 18:02:00,NEW YORK,2014,July,Tornado,NWS Storm Survey,EF2,2.5,235.0
2014,7,8,1900-01-01 18:05:00,PENNSYLVANIA,2014,July,Tornado,NWS Storm Survey,EF1,1.4,150.0
2014,7,13,1900-01-01 19:30:00,NEW YORK,2014,July,Tornado,NWS Storm Survey,EF1,0.75,270.0
2014,7,8,1900-01-01 18:25:00,NEW YORK,2014,July,Tornado,NWS Storm Survey,EF1,1.3,65.0
2014,4,28,1900-01-01 19:28:00,ALABAMA,2014,April,Tornado,NWS Storm Survey,EF0,0.06,50.0
2014,4,25,1900-01-01 18:35:00,NORTH CAROLINA,2014,April,Tornado,NWS Storm Survey,EF3,20.99,350.0
2014,5,8,1900-01-01 19:44:00,ARKANSAS,2014,May,Tornado,NWS Storm Survey,EF1,1.66,50.0
2014,6,30,1900-01-01 23:32:00,INDIANA,2014,June,Tornado,NWS Storm Survey,EF1,1.42,400.0
2014,4,20,1900-01-01 16:47:00,KANSAS,2014,April,Tornado,NWS Employee,EF0,0.1,10.0
2014,5,27,1900-01-01 13:00:00,OKLAHOMA,2014,May,Tornado,Broadcast Media,EF0,0.12,50.0
2014,5,7,1900-01-01 18:06:00,OKLAHOMA,2014,May,Tornado,Other Federal Agency,EF0,1.5,400.0
2014,4,25,1900-01-01 19:12:00,NORTH CAROLINA,2014,April,Tornado,NWS Storm Survey,EF0,0.47,50.0
2014,2,20,1900-01-01 19:40:00,INDIANA,2014,February,Tornado,NWS Storm Survey,EF0,7.48,40.0
2014,2,20,1900-01-01 21:32:00,INDIANA,2014,February,Tornado,NWS Storm Survey,EF0,0.04,25.0
2014,6,17,1900-01-01 14:54:00,MONTANA,2014,June,Tornado,COOP Observer,EF0,0.07,15.0
2014,6,26,1900-01-01 13:22:00,TEXAS,2014,June,Tornado,Emergency Manager,EF0,0.04,75.0
2014,5,14,1900-01-01 22:49:00,GEORGIA,2014,May,Tornado,NWS Storm Survey,EF0,1.72,100.0
2014,2,20,1900-01-01 20:55:00,ALABAMA,2014,February,Tornado,NWS Storm Survey,EF1,2.67,500.0
2014,6,7,1900-01-01 14:12:00,TENNESSEE,2014,June,Tornado,NWS Storm Survey,EF1,4.75,200.0
2014,6,29,1900-01-01 21:00:00,WISCONSIN,2014,June,Tornado,NWS Storm Survey,EF1,8.18,600.0
2014,6,23,1900-01-01 13:30:00,SOUTH CAROLINA,2014,June,Tornado,Public,EF0,0.01,50.0
2014,7,1,1900-01-01 00:38:00,INDIANA,2014,July,Tornado,NWS Storm Survey,EF1,0.93,50.0
2014,10,13,1900-01-01 16:25:00,INDIANA,2014,October,Tornado,NWS Storm Survey,EF1,3.75,150.0
2014,11,16,1900-01-01 20:27:00,MISSISSIPPI,2014,November,Tornado,NWS Storm Survey,EF1,2.65,100.0
2014,5,30,1900-01-01 15:45:00,FLORIDA,2014,May,Tornado,NWS Storm Survey,EF0,0.45,50.0
2014,9,2,1900-01-01 13:18:00,LOUISIANA,2014,September,Tornado,NWS Storm Survey,EF1,2.44,350.0
2014,7,24,1900-01-01 18:19:00,MONTANA,2014,July,Tornado,Trained Spotter,EF0,1.0,100.0
2014,5,31,1900-01-01 18:15:00,MONTANA,2014,May,Tornado,NWS Employee,EF0,0.1,25.0
2014,6,27,1900-01-01 14:36:00,FLORIDA,2014,June,Tornado,Emergency Manager,EF0,1.24,20.0
2014,6,18,1900-01-01 18:30:00,SOUTH DAKOTA,2014,June,Tornado,NWS Storm Survey,EF2,2.22,200.0
2014,7,1,1900-01-01 00:08:00,INDIANA,2014,July,Tornado,NWS Storm Survey,EF1,4.49,150.0
2014,7,8,1900-01-01 17:33:00,NEW YORK,2014,July,Tornado,NWS Storm Survey,EF1,1.0,600.0
2014,7,8,1900-01-01 18:00:00,PENNSYLVANIA,2014,July,Tornado,NWS Storm Survey,EF0,0.9,50.0
2014,7,13,1900-01-01 15:34:00,NEW YORK,2014,July,Tornado,NWS Storm Survey,EF1,3.5,125.0
2014,7,8,1900-01-01 17:20:00,PENNSYLVANIA,2014,July,Tornado,NWS Storm Survey,EF1,4.5,500.0
2014,8,17,1900-01-01 18:00:00,IOWA,2014,August,Tornado,Emergency Manager,EF0,0.83,25.0
2014,8,31,1900-01-01 18:57:00,IOWA,2014,August,Tornado,NWS Storm Survey,EF0,3.05,100.0
2014,8,31,1900-01-01 20:39:00,IOWA,2014,August,Tornado,Other Federal Agency,EF0,1.96,55.0
2014,8,31,1900-01-01 21:02:00,IOWA,2014,August,Tornado,Other Federal Agency,EF0,0.76,85.0
2014,8,31,1900-01-01 19:19:00,IOWA,2014,August,Tornado,Other Federal Agency,EF0,6.07,360.0
2014,8,31,1900-01-01 19:47:00,IOWA,2014,August,Tornado,Other Federal Agency,EF0,2.24,30.0
2014,8,31,1900-01-01 19:22:00,IOWA,2014,August,Tornado,Other Federal Agency,EF0,1.67,25.0
2014,8,31,1900-01-01 19:35:00,IOWA,2014,August,Tornado,NWS Storm Survey,EF1,5.33,100.0
2014,8,31,1900-01-01 20:18:00,IOWA,2014,August,Tornado,Other Federal Agency,EF0,1.39,200.0
2014,8,31,1900-01-01 19:31:00,IOWA,2014,August,Tornado,Other Federal Agency,EF0,9.48,110.0
2014,8,31,1900-01-01 20:09:00,IOWA,2014,August,Tornado,Other Federal Agency,EF1,1.13,150.0
2014,8,31,1900-01-01 19:42:00,IOWA,2014,August,Tornado,Other Federal Agency,EF0,6.21,280.0
2014,8,31,1900-01-01 19:58:00,IOWA,2014,August,Tornado,Other Federal Agency,EF0,3.72,60.0
2014,8,31,1900-01-01 19:11:00,IOWA,2014,August,Tornado,Other Federal Agency,EF0,4.49,45.0
2014,8,31,1900-01-01 19:02:00,IOWA,2014,August,Tornado,Other Federal Agency,EF0,2.59,75.0
2014,8,31,1900-01-01 20:51:00,IOWA,2014,August,Tornado,Other Federal Agency,EF0,1.71,65.0
2014,8,31,1900-01-01 21:17:00,IOWA,2014,August,Tornado,Other Federal Agency,EF0,5.41,100.0
2014,8,31,1900-01-01 19:19:00,IOWA,2014,August,Tornado,Other Federal Agency,EF0,5.07,95.0
2014,8,31,1900-01-01 18:45:00,IOWA,2014,August,Tornado,Other Federal Agency,EF0,3.34,200.0
2014,8,31,1900-01-01 19:40:00,IOWA,2014,August,Tornado,Other Federal Agency,EF1,2.28,190.0
2014,8,31,1900-01-01 19:59:00,IOWA,2014,August,Tornado,Other Federal Agency,EF0,1.18,60.0
2014,8,31,1900-01-01 20:18:00,IOWA,2014,August,Tornado,Other Federal Agency,EF1,1.55,150.0
2014,8,31,1900-01-01 20:01:00,IOWA,2014,August,Tornado,Other Federal Agency,EF0,5.86,170.0
2014,8,31,1900-01-01 20:11:00,IOWA,2014,August,Tornado,Other Federal Agency,EF0,2.17,60.0
2014,8,31,1900-01-01 19:50:00,IOWA,2014,August,Tornado,Other Federal Agency,EF0,1.35,60.0
2014,8,31,1900-01-01 20:06:00,IOWA,2014,August,Tornado,Other Federal Agency,EF0,1.15,50.0
2014,8,31,1900-01-01 18:38:00,IOWA,2014,August,Tornado,Other Federal Agency,EF0,2.71,140.0
2014,8,31,1900-01-01 21:00:00,IOWA,2014,August,Tornado,Other Federal Agency,EF0,0.21,50.0
2014,8,31,1900-01-01 21:04:00,IOWA,2014,August,Tornado,Other Federal Agency,EF0,2.07,130.0
2014,8,31,1900-01-01 17:44:00,IOWA,2014,August,Tornado,Other Federal Agency,EF0,2.13,60.0
2014,8,31,1900-01-01 19:26:00,IOWA,2014,August,Tornado,Other Federal Agency,EF0,2.85,400.0
2014,8,31,1900-01-01 19:42:00,IOWA,2014,August,Tornado,Other Federal Agency,EF0,2.34,205.0
2014,8,31,1900-01-01 17:24:00,IOWA,2014,August,Tornado,Other Federal Agency,EF0,5.49,330.0
2014,8,31,1900-01-01 20:07:00,IOWA,2014,August,Tornado,Other Federal Agency,EF0,2.41,75.0
2014,8,31,1900-01-01 19:52:00,IOWA,2014,August,Tornado,Other Federal Agency,EF0,1.73,340.0
2014,8,31,1900-01-01 19:43:00,IOWA,2014,August,Tornado,Other Federal Agency,EF1,3.91,90.0
2014,8,31,1900-01-01 18:26:00,IOWA,2014,August,Tornado,NWS Storm Survey,EF0,2.13,200.0
2014,8,31,1900-01-01 20:49:00,IOWA,2014,August,Tornado,Other Federal Agency,EF0,2.2,85.0
2014,8,31,1900-01-01 20:35:00,IOWA,2014,August,Tornado,Other Federal Agency,EF0,1.66,75.0
2014,8,31,1900-01-01 20:01:00,IOWA,2014,August,Tornado,Other Federal Agency,EF0,1.89,70.0
2014,8,31,1900-01-01 19:15:00,IOWA,2014,August,Tornado,Other Federal Agency,EF0,3.72,180.0
2014,8,31,1900-01-01 21:12:00,IOWA,2014,August,Tornado,Other Federal Agency,EF0,3.22,80.0
2014,8,31,1900-01-01 19:24:00,IOWA,2014,August,Tornado,Other Federal Agency,EF0,6.42,570.0
2014,8,31,1900-01-01 19:40:00,IOWA,2014,August,Tornado,Other Federal Agency,EF0,5.42,90.0
2014,8,31,1900-01-01 18:34:00,IOWA,2014,August,Tornado,Other Federal Agency,EF0,4.96,90.0
2014,8,31,1900-01-01 20:08:00,IOWA,2014,August,Tornado,Other Federal Agency,EF0,1.5,50.0
2014,8,31,1900-01-01 19:46:00,IOWA,2014,August,Tornado,Other Federal Agency,EF0,5.24,65.0
2014,8,31,1900-01-01 20:23:00,IOWA,2014,August,Tornado,Other Federal Agency,EF0,0.86,50.0
2014,10,13,1900-01-01 04:19:00,ARKANSAS,2014,October,Tornado,NWS Storm Survey,EF1,3.0,375.0
2014,10,6,1900-01-01 00:01:00,OKLAHOMA,2014,October,Tornado,NWS Storm Survey,EF1,0.8,75.0
2014,10,15,1900-01-01 11:23:00,VIRGINIA,2014,October,Tornado,NWS Storm Survey,EF0,1.57,75.0
2014,10,15,1900-01-01 11:25:00,VIRGINIA,2014,October,Tornado,NWS Storm Survey,EF0,0.75,75.0
2014,10,15,1900-01-01 12:13:00,MARYLAND,2014,October,Tornado,NWS Storm Survey,EF0,0.3,75.0
2014,7,8,1900-01-01 14:25:00,WEST VIRGINIA,2014,July,Tornado,NWS Storm Survey,EF1,0.27,50.0
2014,7,27,1900-01-01 15:55:00,MASSACHUSETTS,2014,July,Tornado,NWS Storm Survey,EF1,0.25,20.0
2014,8,31,1900-01-01 21:00:00,IOWA,2014,August,Tornado,Other Federal Agency,EF0,2.99,60.0
2014,8,31,1900-01-01 21:08:00,IOWA,2014,August,Tornado,Other Federal Agency,EF0,3.89,80.0
2014,8,31,1900-01-01 21:12:00,IOWA,2014,August,Tornado,Other Federal Agency,EF0,2.61,60.0
2014,7,3,1900-01-01 22:59:00,NORTH CAROLINA,2014,July,Tornado,Emergency Manager,EF0,0.9,30.0
2014,7,10,1900-01-01 14:35:00,VIRGINIA,2014,July,Tornado,NWS Storm Survey,EF0,0.34,30.0
2014,7,4,1900-01-01 00:02:00,VIRGINIA,2014,July,Tornado,Broadcast Media,EF0,0.31,30.0
2014,7,24,1900-01-01 07:25:00,VIRGINIA,2014,July,Tornado,NWS Storm Survey,EF1,7.69,150.0
2014,7,4,1900-01-01 00:40:00,VIRGINIA,2014,July,Tornado,Broadcast Media,EF0,0.25,30.0
2014,7,8,1900-01-01 14:26:00,WEST VIRGINIA,2014,July,Tornado,NWS Storm Survey,EF1,1.73,50.0
2014,7,8,1900-01-01 13:48:00,PENNSYLVANIA,2014,July,Tornado,NWS Storm Survey,EF1,2.46,150.0
2014,6,30,1900-01-01 21:30:00,ILLINOIS,2014,June,Tornado,NWS Storm Survey,EF0,4.4,295.0
2014,6,30,1900-01-01 21:32:00,ILLINOIS,2014,June,Tornado,NWS Storm Survey,EF2,3.9,240.0
2014,6,30,1900-01-01 21:33:00,ILLINOIS,2014,June,Tornado,NWS Storm Survey,EF0,0.7,120.0
2014,6,30,1900-01-01 21:38:00,INDIANA,2014,June,Tornado,NWS Storm Survey,EF1,3.8,260.0
2014,6,30,1900-01-01 21:37:00,INDIANA,2014,June,Tornado,NWS Storm Survey,EF1,1.5,175.0
2014,6,30,1900-01-01 21:39:00,INDIANA,2014,June,Tornado,NWS Storm Survey,EF1,3.2,370.0
2014,6,30,1900-01-01 21:42:00,INDIANA,2014,June,Tornado,NWS Storm Survey,EF1,2.2,315.0
2014,6,30,1900-01-01 21:44:00,INDIANA,2014,June,Tornado,NWS Storm Survey,EF2,3.2,295.0
2014,6,30,1900-01-01 21:33:00,ILLINOIS,2014,June,Tornado,NWS Storm Survey,EF1,2.4,410.0
2014,6,30,1900-01-01 21:37:00,ILLINOIS,2014,June,Tornado,NWS Storm Survey,EF0,0.1,165.0
2014,6,30,1900-01-01 21:46:00,INDIANA,2014,June,Tornado,NWS Storm Survey,EF1,2.1,185.0
2014,6,30,1900-01-01 21:22:00,ILLINOIS,2014,June,Tornado,NWS Storm Survey,EF1,10.3,150.0
2014,6,30,1900-01-01 21:42:00,INDIANA,2014,June,Tornado,NWS Storm Survey,EF1,4.5,285.0
2014,6,30,1900-01-01 21:36:00,INDIANA,2014,June,Tornado,NWS Storm Survey,EF1,8.6,175.0
2014,6,30,1900-01-01 21:49:00,INDIANA,2014,June,Tornado,NWS Storm Survey,EF1,6.3,300.0
2014,6,30,1900-01-01 21:56:00,INDIANA,2014,June,Tornado,NWS Storm Survey,EF1,1.92,100.0
2014,6,30,1900-01-01 21:46:00,INDIANA,2014,June,Tornado,NWS Storm Survey,EF1,2.4,395.0
2014,6,30,1900-01-01 21:36:00,INDIANA,2014,June,Tornado,NWS Storm Survey,EF1,6.3,415.0
2014,6,30,1900-01-01 20:16:00,ILLINOIS,2014,June,Tornado,NWS Storm Survey,EF1,1.51,50.0
2014,6,30,1900-01-01 20:38:00,ILLINOIS,2014,June,Tornado,NWS Storm Survey,EF1,1.15,50.0
2014,6,30,1900-01-01 20:44:00,ILLINOIS,2014,June,Tornado,NWS Storm Survey,EF0,2.16,50.0
2014,6,30,1900-01-01 20:55:00,ILLINOIS,2014,June,Tornado,NWS Storm Survey,EF1,3.06,75.0
2014,6,30,1900-01-01 21:29:00,ILLINOIS,2014,June,Tornado,NWS Storm Survey,EF1,7.2,175.0
2014,6,30,1900-01-01 21:23:00,ILLINOIS,2014,June,Tornado,NWS Storm Survey,EF0,3.1,45.0
2014,6,30,1900-01-01 21:24:00,ILLINOIS,2014,June,Tornado,NWS Storm Survey,EF1,2.7,110.0
2014,6,30,1900-01-01 21:25:00,ILLINOIS,2014,June,Tornado,NWS Storm Survey,EF1,5.5,450.0
2014,6,30,1900-01-01 21:26:00,ILLINOIS,2014,June,Tornado,NWS Storm Survey,EF1,3.2,110.0
2014,7,8,1900-01-01 12:34:00,OHIO,2014,July,Tornado,NWS Storm Survey,EF1,6.72,200.0
2014,7,8,1900-01-01 12:33:00,OHIO,2014,July,Tornado,NWS Storm Survey,EF1,1.58,200.0
2014,7,8,1900-01-01 12:43:00,OHIO,2014,July,Tornado,NWS Storm Survey,EF1,1.57,200.0
2014,7,8,1900-01-01 13:15:00,OHIO,2014,July,Tornado,NWS Storm Survey,EF1,5.39,200.0
